barcode,is_cell,contig_id,high_confidence,length,chain,v_gene,d_gene,j_gene,c_gene,full_length,productive,cdr3,cdr3_nt,reads,umis,raw_clonotype_id,raw_consensus_id
AAAGTAGAGTTGCAGG-1,True,AAAGTAGAGTTGCAGG-1_contig_1,True,686,IGH,IGHV3-74,IGHD3-22,IGHJ3,IGHG1,True,True,CTRTQGPHYYDSSGRDGFDIW,TGTACAAGAACTCAGGGACCTCATTACTATGATAGCAGTGGTCGTGATGGCTTTGATATCTGG,214,2,clonotype21,clonotype21_consensus_1
AAAGTAGAGTTGCAGG-1,True,AAAGTAGAGTTGCAGG-1_contig_2,True,767,IGL,IGLV3-27,None,IGLJ2,IGLC2,True,False,None,None,251,5,clonotype21,None
AAATGCCGTAAATGTG-1,True,AAATGCCGTAAATGTG-1_contig_1,True,561,IGL,IGLV2-18,None,IGLJ2,IGLC2,True,True,CTLYTSSGTVIF,TGCACCTTATACACAAGCAGCGGCACTGTAATTTTC,80,3,clonotype22,clonotype22_consensus_1
AACCATGCAACTGCTA-1,True,AACCATGCAACTGCTA-1_contig_1,True,632,IGL,IGLV1-51,None,IGLJ3,IGLC2,True,True,CGTWDSSLIWVF,TGCGGAACATGGGATAGCAGCCTGATTTGGGTGTTC,131,2,clonotype23,clonotype23_consensus_2
AACCATGCAACTGCTA-1,True,AACCATGCAACTGCTA-1_contig_2,True,569,IGH,IGHV4-39,None,IGHJ5,IGHM,True,True,CARLQHCSGGGCDHDPW,TGTGCGAGACTTCAACATTGTAGTGGTGGTGGTTGCGACCACGACCCCTGG,537,6,clonotype23,clonotype23_consensus_1
AACCATGCAACTGCTA-1,True,AACCATGCAACTGCTA-1_contig_3,True,629,IGL,IGLV10-54,None,IGLJ2,IGLC2,True,False,None,None,410,6,clonotype23,None
AACTCCCAGCGTGAGT-1,True,AACTCCCAGCGTGAGT-1_contig_1,True,640,IGL,IGLV2-8,None,IGLJ3,IGLC2,True,True,CSSYAGRNNWVF,TGTAGCTCATATGCAGGCAGGAACAACTGGGTGTTC,845,12,clonotype4,clonotype4_consensus_1
AACTGGTAGTAATCCC-1,True,AACTGGTAGTAATCCC-1_contig_1,True,556,IGK,IGKV3-20,None,IGKJ5,IGKC,True,True,CQQYGTSPQTF,TGTCAGCAGTATGGTACCTCACCTCAAACCTTC,579,5,clonotype24,clonotype24_consensus_1
AAGGTTCTCAATACCG-1,True,AAGGTTCTCAATACCG-1_contig_1,True,643,IGL,IGLV2-14,None,IGLJ1,IGLC1,True,True,CSSYTGSISTLRVF,TGCAGCTCATATACAGGCAGTATCAGTACTCTCAGGGTCTTC,298,7,clonotype25,clonotype25_consensus_1
AAGTCTGTCTCGGACG-1,True,AAGTCTGTCTCGGACG-1_contig_1,True,551,IGK,IGKV1-5,None,IGKJ2,IGKC,True,True,CQQYNSYSRTF,TGCCAACAGTATAATAGTTATTCTCGGACTTTT,1541,15,clonotype26,clonotype26_consensus_1
AAGTCTGTCTCGGACG-1,True,AAGTCTGTCTCGGACG-1_contig_2,True,566,IGH,IGHV3-21,IGHD3-3,IGHJ3,IGHM,True,True,CARDRLRITIFGVVSEAFDIW,TGTGCGAGAGATCGCCTTAGAATTACGATTTTTGGAGTGGTGTCGGAGGCTTTTGATATCTGG,661,12,clonotype26,clonotype26_consensus_2
ACACCAATCATAAAGG-1,True,ACACCAATCATAAAGG-1_contig_1,True,660,IGH,IGHV3-15,None,IGHJ4,IGHA1,True,True,CTTPGYSDNWLTDYW,TGCACCACACCCGGATATAGTGACAATTGGCTGACGGACTACTGG,1724,21,clonotype27,clonotype27_consensus_2
ACACCAATCATAAAGG-1,True,ACACCAATCATAAAGG-1_contig_2,True,628,IGL,IGLV3-10,None,IGLJ3,IGLC2,True,True,CYSTDSSGNRWVF,TGTTACTCAACAGACAGTAGTGGTAATCGTTGGGTGTTC,5151,71,clonotype27,clonotype27_consensus_1
ACATCAGCATTTCACT-1,True,ACATCAGCATTTCACT-1_contig_1,True,651,IGH,IGHV6-1,None,IGHJ4,IGHA1,True,True,CAGDQGIRGWDLFDFDYW,TGTGCAGGAGATCAGGGGATAAGGGGGTGGGACCTTTTCGATTTTGACTACTGG,689,8,clonotype28,clonotype28_consensus_1
ACATCAGCATTTCACT-1,True,ACATCAGCATTTCACT-1_contig_2,True,640,IGL,IGLV2-8,None,IGLJ1,IGLC1,True,True,CSSYAGSNNPYVF,TGCAGCTCATATGCAGGCAGCAACAATCCTTATGTCTTC,939,10,clonotype28,clonotype28_consensus_2
ACCAGTAAGAAGCCCA-1,True,ACCAGTAAGAAGCCCA-1_contig_1,True,551,IGK,IGKV1-5,None,IGKJ1,IGKC,True,True,CQQYNSFPWAF,TGCCAACAGTATAATAGTTTTCCGTGGGCGTTC,651,6,clonotype29,clonotype29_consensus_1
ACCGTAAAGACTTGAA-1,True,ACCGTAAAGACTTGAA-1_contig_1,True,652,IGH,IGHV4-4,None,IGHJ5,IGHG1,True,True,CARGLAGVPDEDWFDPW,TGTGCGAGAGGGCTGGCTGGGGTGCCCGACGAGGACTGGTTCGACCCCTGG,205,3,clonotype30,clonotype30_consensus_2
ACCGTAAAGACTTGAA-1,True,ACCGTAAAGACTTGAA-1_contig_2,True,646,IGL,IGLV1-44,None,IGLJ3,IGLC2,True,True,CASWDHSLNGRVF,TGTGCATCATGGGATCACAGCCTGAATGGTCGGGTTTTC,748,10,clonotype30,clonotype30_consensus_1
ACCGTAAAGACTTGAA-1,True,ACCGTAAAGACTTGAA-1_contig_3,True,745,IGL,IGLV1-51,None,IGLJ3,IGLC2,True,False,None,None,483,8,clonotype30,None
ACGAGGAAGCCCAATT-1,True,ACGAGGAAGCCCAATT-1_contig_1,True,562,IGK,IGKV3-11,None,IGKJ4,IGKC,True,True,CQQRNSWPLTF,TGTCAACAACGTAACAGCTGGCCGCTCACTTTC,2715,24,clonotype31,clonotype31_consensus_1
ACGAGGAAGCCCAATT-1,True,ACGAGGAAGCCCAATT-1_contig_2,True,301,IGL,None,None,IGLJ1,IGLC1,False,False,None,None,288,3,clonotype31,None
ACGAGGACAAGTCTGT-1,True,ACGAGGACAAGTCTGT-1_contig_1,True,562,IGK,IGKV3-15,None,IGKJ1,IGKC,True,True,CQQYYEWPRTF,TGTCAGCAGTATTATGAGTGGCCTCGGACGTTC,2364,23,clonotype32,clonotype32_consensus_1
ACGCCAGGTCGCTTCT-1,True,ACGCCAGGTCGCTTCT-1_contig_1,True,551,IGK,IGKV1-5,None,IGKJ2,IGKC,True,True,CQQYKSYPYTF,TGCCAACAGTATAAAAGTTATCCGTACACTTTT,1243,16,clonotype33,clonotype33_consensus_1
ACGCCGACAGGTCTCG-1,True,ACGCCGACAGGTCTCG-1_contig_1,True,566,IGK,IGKV4-1,None,IGKJ4,IGKC,True,True,CQQYYSTPLTF,TGTCAGCAATATTATAGTACTCCTCTCACTTTC,1889,20,clonotype1,clonotype1_consensus_1
ACGCCGACAGGTCTCG-1,True,ACGCCGACAGGTCTCG-1_contig_2,True,679,IGH,IGHV1-2,IGHD5-18,IGHJ4,IGHG1,True,True,CARVPVTGEYSYGYAEIDYW,TGTGCGAGAGTTCCAGTGACCGGTGAATACAGCTATGGTTACGCCGAAATTGACTACTGG,356,7,clonotype1,clonotype1_consensus_2
ACGCCGACATGTTGAC-1,True,ACGCCGACATGTTGAC-1_contig_1,True,548,IGH,IGHV3-15,None,IGHJ5,IGHM,True,True,CTTGGVAW,TGTACCACAGGGGGGGTAGCCTGG,233,3,clonotype34,clonotype34_consensus_1
ACGCCGACATGTTGAC-1,True,ACGCCGACATGTTGAC-1_contig_2,True,628,IGL,IGLV3-10,None,IGLJ3,IGLC2,True,True,CYSTDSSGNHWVF,TGTTACTCAACAGACAGCAGTGGTAATCATTGGGTGTTC,77,2,clonotype34,clonotype34_consensus_2
ACGCCGACATGTTGAC-1,True,ACGCCGACATGTTGAC-1_contig_3,True,742,IGL,IGLV10-54,None,IGLJ3,IGLC2,True,False,None,None,70,1,clonotype34,None
ACGGCCATCAACGGGA-1,True,ACGGCCATCAACGGGA-1_contig_1,True,562,IGK,IGKV3-15,None,IGKJ4,IGKC,True,True,CQQCATWPLTF,TGTCAGCAGTGTGCTACCTGGCCCCTCACTTTC,3995,38,clonotype35,clonotype35_consensus_1
ACGGGCTAGGCTCAGA-1,True,ACGGGCTAGGCTCAGA-1_contig_1,True,638,IGL,IGLV1-51,None,IGLJ3,IGLC2,True,True,CGTWENSLSVGRVF,TGCGGAACATGGGAGAACAGCCTGAGTGTTGGCCGGGTGTTC,208,5,clonotype36,clonotype36_consensus_1
ACGGGCTAGGCTCAGA-1,True,ACGGGCTAGGCTCAGA-1_contig_2,True,553,IGH,IGHV5-51,None,IGHJ4,IGHM,True,True,CARHGQGLAVAGTPDYW,TGTGCGAGACATGGTCAGGGTCTGGCAGTGGCTGGAACTCCAGACTACTGG,352,4,clonotype36,clonotype36_consensus_2
ACGGGTCTCGGCGGTT-1,True,ACGGGTCTCGGCGGTT-1_contig_1,True,568,IGK,IGKV3-11,None,IGKJ5,IGKC,True,True,CQQRVHWPPITF,TGTCAGCAGCGTGTCCACTGGCCTCCGATCACCTTC,419,4,clonotype37,clonotype37_consensus_1
ACGGGTCTCGGCGGTT-1,True,ACGGGTCTCGGCGGTT-1_contig_2,True,500,IGL,IGLV2-11,None,None,IGLC2,False,False,None,None,158,3,clonotype37,None
ACTATCTCACAGACAG-1,True,ACTATCTCACAGACAG-1_contig_1,True,555,IGK,IGKV1-9,None,IGKJ4,IGKC,True,True,CQQVKTYPLTF,TGTCAACAGGTTAAGACTTACCCTCTCACTTTC,662,6,clonotype38,clonotype38_consensus_1
ACTATCTCACAGACAG-1,True,ACTATCTCACAGACAG-1_contig_2,True,300,IGH,None,None,IGHJ4,IGHG2,False,False,None,None,99,5,clonotype38,None
ACTGAACGTTACCGAT-1,True,ACTGAACGTTACCGAT-1_contig_1,True,566,IGK,IGKV4-1,None,IGKJ4,IGKC,True,True,CQQYYSTPLTF,TGTCAGCAATATTATAGTACTCCTCTCACTTTC,235,3,clonotype1,clonotype1_consensus_1
ACTGAACGTTACCGAT-1,True,ACTGAACGTTACCGAT-1_contig_2,True,679,IGH,IGHV1-2,IGHD5-18,IGHJ4,IGHG1,True,True,CARVPVTGEYSYGYAEIDYW,TGTGCGAGAGTTCCAGTGACCGGTGAATACAGCTATGGTTACGCCGAAATTGACTACTGG,162,3,clonotype1,clonotype1_consensus_2
ACTTTCACAAGTACCT-1,True,ACTTTCACAAGTACCT-1_contig_1,True,570,IGK,IGKV2-28,None,IGKJ4,IGKC,True,True,CMQALQSPLTF,TGCATGCAAGCTCTACAAAGTCCCCTCACTTTC,3372,32,clonotype39,clonotype39_consensus_1
ACTTTCACAAGTACCT-1,True,ACTTTCACAAGTACCT-1_contig_2,True,606,IGH,IGHV3-20,None,IGHJ6,IGHD,True,True,CTKNYIAAPGTYAMDVW,TGTACAAAAAATTATATAGCAGCACCTGGCACCTACGCTATGGACGTCTGG,346,5,clonotype39,clonotype39_consensus_2
ACTTTCACAAGTACCT-1,True,ACTTTCACAAGTACCT-1_contig_3,True,455,IGH,None,None,IGHJ4,IGHM,False,False,None,None,93,1,clonotype39,None
AGACGTTAGGCTATCT-1,True,AGACGTTAGGCTATCT-1_contig_1,True,632,IGL,IGLV3-21,None,IGLJ1,IGLC1,True,True,CQVWDSRSDHYVF,TGTCAGGTGTGGGATAGTAGAAGTGATCATTATGTCTTC,1265,15,clonotype5,clonotype5_consensus_1
AGACGTTAGGCTATCT-1,True,AGACGTTAGGCTATCT-1_contig_2,True,656,IGH,IGHV3-33,None,IGHJ2,IGHA1,True,True,CARSRAAGIYCSDLW,TGTGCGAGATCGCGCGCAGCTGGCATCTACTGTTCCGATCTCTGG,199,2,clonotype5,clonotype5_consensus_2
AGACGTTAGGCTATCT-1,True,AGACGTTAGGCTATCT-1_contig_3,True,629,IGL,IGLV3-10,None,IGLJ3,IGLC2,True,False,None,None,263,4,clonotype5,None
AGAGTGGAGACAAAGG-1,True,AGAGTGGAGACAAAGG-1_contig_1,True,635,IGH,IGHV4-39,None,IGHJ4,IGHA1,True,True,CARGGTYSSSWYGGDFDSW,TGTGCGAGAGGCGGAACATATAGCAGTAGTTGGTACGGGGGGGACTTTGACTCCTGG,19179,1193,clonotype6,clonotype6_consensus_1
AGAGTGGAGACAAAGG-1,True,AGAGTGGAGACAAAGG-1_contig_2,True,641,IGL,IGLV2-14,None,IGLJ2,IGLC2,True,True,CSSYSSITTLMF,TGCAGCTCATATTCAAGTATCACGACTCTAATGTTC,55929,8559,clonotype6,clonotype6_consensus_2
AGAGTGGAGACAAAGG-1,True,AGAGTGGAGACAAAGG-1_contig_3,True,526,IGK,IGKV2D-29,None,IGKJ5,IGKC,True,False,CMQSMQLPITF,TGTATGCAAAGTATGCAACTTCCGATCACCTTC,6,4,clonotype6,None
AGAGTGGAGACAAGCC-1,True,AGAGTGGAGACAAGCC-1_contig_1,True,632,IGH,IGHV4-39,None,IGHJ4,IGHA1,True,True,CARGGTYSSSWYGGDFDSW,TGTGCGAGAGGCGGAACATATAGCAGTAGTTGGTACGGGGGGGACTTTGACTCCTGG,1173,4,clonotype6,clonotype6_consensus_1
AGAGTGGAGACAAGCC-1,True,AGAGTGGAGACAAGCC-1_contig_2,True,641,IGL,IGLV2-14,None,IGLJ2,IGLC2,True,True,CSSYSSITTLMF,TGCAGCTCATATTCAAGTATCACGACTCTAATGTTC,2687,40,clonotype6,clonotype6_consensus_2
AGATTGCCAGTCGTGC-1,True,AGATTGCCAGTCGTGC-1_contig_1,True,569,IGK,IGKV4-1,None,IGKJ2,IGKC,True,True,CQQYFSTPSYTF,TGTCAGCAATATTTTAGTACTCCCTCGTACACTTTT,1315,13,clonotype40,clonotype40_consensus_1
AGATTGCTCTCGTTTA-1,True,AGATTGCTCTCGTTTA-1_contig_1,True,628,IGL,IGLV3-10,None,IGLJ3,IGLC2,True,True,CYSADSRGDQWVF,TGTTACTCAGCAGACAGCAGAGGTGACCAGTGGGTGTTC,128,3,clonotype7,clonotype7_consensus_1
AGCAGCCGTCTCCATC-1,True,AGCAGCCGTCTCCATC-1_contig_1,True,616,IGL,IGLV8-61,None,IGLJ3,IGLC2,True,True,CVLDVGSGIWMF,TGTGTACTGGATGTGGGTAGTGGCATTTGGATGTTC,218,3,clonotype41,clonotype41_consensus_1
AGCGTATCAAGGGTCA-1,True,AGCGTATCAAGGGTCA-1_contig_1,True,579,IGH,IGHV3-33,None,IGHJ3,IGHM,True,True,CAKGYCSSTSCYGAAIDNW,TGTGCGAAGGGATATTGCAGTAGTACCAGTTGTTATGGTGCTGCTATTGATAACTGG,634,4,clonotype42,clonotype42_consensus_2
AGCGTATCAAGGGTCA-1,True,AGCGTATCAAGGGTCA-1_contig_2,True,640,IGL,IGLV2-14,None,IGLJ1,IGLC1,True,True,CSSYRSSSALVF,TGCAGCTCATATAGAAGCAGCAGCGCTCTTGTCTTC,3416,40,clonotype42,clonotype42_consensus_1
AGCTCCTAGAAACCAT-1,True,AGCTCCTAGAAACCAT-1_contig_1,True,550,IGK,IGKV1D-39,None,IGKJ1,IGKC,True,True,CQQSYSSWTF,TGTCAACAGAGTTACAGTTCCTGGACGTTC,3542,33,clonotype43,clonotype43_consensus_1
AGCTCCTAGAAACCAT-1,True,AGCTCCTAGAAACCAT-1_contig_2,True,524,IGH,IGHV4-61,None,IGHJ4,IGHM,True,True,CARSGTTYHSFDYW,TGTGCGAGAAGTGGAACGACGTACCATTCCTTTGACTACTGG,427,4,clonotype43,clonotype43_consensus_2
AGCTCTCCAGTCAGCC-1,True,AGCTCTCCAGTCAGCC-1_contig_1,True,555,IGK,IGKV3-11,None,IGKJ4,IGKC,True,True,CQQRGNWPPLTF,TGTCAACAACGTGGCAACTGGCCTCCCCTCACTTTC,227,2,clonotype44,clonotype44_consensus_2
AGCTCTCCAGTCAGCC-1,True,AGCTCTCCAGTCAGCC-1_contig_2,True,640,IGH,IGHV1-2,None,IGHJ1,IGHA2,True,True,CARVLGSELVYFQHW,TGTGCGAGAGTCTTGGGGTCGGAACTGGTGTATTTCCAACATTGG,123,1,clonotype44,clonotype44_consensus_1
AGGCCACTCCGCATAA-1,True,AGGCCACTCCGCATAA-1_contig_1,True,531,IGH,IGHV1-46,None,IGHJ4,IGHG1,True,True,CARDQGIRYGPDYW,TGTGCTAGAGATCAAGGTATAAGATATGGCCCTGATTACTGG,58,1,clonotype2,clonotype2_consensus_2
AGGCCACTCCGCATAA-1,True,AGGCCACTCCGCATAA-1_contig_2,True,628,IGL,IGLV3-10,None,IGLJ3,IGLC2,True,True,CYSTDSSGVNRVF,TGTTACTCAACAGACAGCAGTGGTGTTAATAGGGTGTTC,190,3,clonotype2,clonotype2_consensus_1
AGGTCATGTCTAGAGG-1,True,AGGTCATGTCTAGAGG-1_contig_1,True,637,IGL,IGLV2-8,None,IGLJ1,IGLC1,True,True,CCSYAGSNNYVF,TGCTGCTCATATGCAGGCAGCAACAATTATGTCTTC,554,13,clonotype45,clonotype45_consensus_1
AGGTCCGAGACCGGAT-1,True,AGGTCCGAGACCGGAT-1_contig_1,True,651,IGH,IGHV3-23,None,IGHJ4,IGHA1,True,True,CAKLPKWLFFDYW,TGTGCGAAACTCCCTAAGTGGTTATTCTTTGACTACTGG,11111,220,clonotype8,clonotype8_consensus_2
AGGTCCGAGACCGGAT-1,True,AGGTCCGAGACCGGAT-1_contig_2,True,641,IGL,IGLV2-11,None,IGLJ1,IGLC1,True,True,CCSYAGDYTYVF,TGCTGCTCATATGCAGGCGACTATACTTATGTCTTC,62623,2516,clonotype8,clonotype8_consensus_1
AGTGAGGAGAGTGAGA-1,True,AGTGAGGAGAGTGAGA-1_contig_1,True,528,IGH,IGHV4-39,None,IGHJ5,IGHM,True,True,CARHRPQLGWFDPW,TGTGCGAGACATCGTCCCCAATTAGGCTGGTTCGACCCCTGG,1004,9,clonotype46,clonotype46_consensus_1
AGTGAGGAGAGTGAGA-1,True,AGTGAGGAGAGTGAGA-1_contig_2,True,552,IGK,IGKV1D-39,None,IGKJ1,IGKC,True,True,CQQSYSTSWTF,TGTCAACAGAGTTACAGTACCTCGTGGACGTTC,2388,22,clonotype46,clonotype46_consensus_2
AGTTGGTGTAGCACGA-1,True,AGTTGGTGTAGCACGA-1_contig_1,True,551,IGK,IGKV1-16,None,IGKJ5,IGKC,True,True,CQQYITYPVTF,TGCCAACAGTATATTACTTACCCGGTCACCTTC,455,382,clonotype47,clonotype47_consensus_2
AGTTGGTGTAGCACGA-1,True,AGTTGGTGTAGCACGA-1_contig_2,True,495,IGH,IGHV3-33,None,IGHJ5,IGHG1,True,True,CARGLPDLW,TGTGCGAGAGGTCTCCCCGACCTCTGG,68,57,clonotype47,clonotype47_consensus_1
ATAACGCGTGGCTCCA-1,True,ATAACGCGTGGCTCCA-1_contig_1,True,533,IGH,IGHV4-59,None,IGHJ4,IGHM,True,True,CARGRDWATPAGNNFDYW,TGTGCGAGAGGGAGAGACTGGGCAACACCGGCTGGCAACAACTTTGACTACTGG,141,4,clonotype48,clonotype48_consensus_2
ATAACGCGTGGCTCCA-1,True,ATAACGCGTGGCTCCA-1_contig_2,True,562,IGK,IGKV3-11,None,IGKJ4,IGKC,True,True,CQQRSNWPLTF,TGTCAACAACGTAGTAACTGGCCACTCACTTTC,2372,21,clonotype48,clonotype48_consensus_1
ATCACGAAGCCCAATT-1,True,ATCACGAAGCCCAATT-1_contig_1,True,562,IGK,IGKV3-11,None,IGKJ4,IGKC,True,True,CQQRINWPLTF,TGTCAGCAGCGTATCAACTGGCCGCTCACTTTC,1331,14,clonotype49,clonotype49_consensus_1
ATCACGAAGCCCAATT-1,True,ATCACGAAGCCCAATT-1_contig_2,True,555,IGH,IGHV3-7,None,IGHJ4,IGHM,True,True,CARGGISAPFDYW,TGTGCGAGAGGGGGTATATCAGCACCCTTTGACTACTGG,701,8,clonotype49,clonotype49_consensus_2
ATCACGAAGCCCAATT-1,True,ATCACGAAGCCCAATT-1_contig_3,True,400,IGH,IGHV3-66,None,IGHJ4,IGHM,True,False,None,None,200,2,clonotype49,None
ATCATCTGTGTGACCC-1,True,ATCATCTGTGTGACCC-1_contig_1,True,563,IGK,IGKV2-28,None,IGKJ5,IGKC,True,True,CMQALETPRTF,TGCATGCAAGCTCTAGAAACTCCTCGGACCTTC,1024,9,clonotype50,clonotype50_consensus_1
ATCCACCTCAGAGCTT-1,True,ATCCACCTCAGAGCTT-1_contig_1,True,531,IGH,IGHV4-39,None,IGHJ4,IGHM,True,True,CARVAVAGTFLDYW,TGTGCGAGAGTAGCAGTGGCTGGTACATTCTTAGATTATTGG,655,10,clonotype51,clonotype51_consensus_1
ATCCACCTCAGAGCTT-1,True,ATCCACCTCAGAGCTT-1_contig_2,True,633,IGL,IGLV3-19,None,IGLJ3,IGLC2,True,True,CNSRDSSGNHWVF,TGTAATTCCCGGGACAGTAGTGGTAACCATTGGGTGTTC,708,11,clonotype51,clonotype51_consensus_2
ATCTGCCGTTACGACT-1,True,ATCTGCCGTTACGACT-1_contig_1,True,627,IGH,IGHV1-46,None,IGHJ3,IGHA2,True,True,CVRERDNSGKAFDFW,TGTGTTAGAGAACGAGACAACAGTGGAAAAGCTTTTGATTTCTGG,149,2,clonotype9,clonotype9_consensus_2
ATCTGCCGTTACGACT-1,True,ATCTGCCGTTACGACT-1_contig_2,True,638,IGL,IGLV2-14,None,IGLJ1,IGLC1,True,True,CCSFTSSSTYVF,TGTTGCTCATTTACAAGCAGCAGCACTTATGTCTTC,506,6,clonotype9,clonotype9_consensus_1
ATGAGGGGTGGCTCCA-1,True,ATGAGGGGTGGCTCCA-1_contig_1,True,568,IGK,IGKV3-20,None,IGKJ1,IGKC,True,True,CQQYGNSPLWAF,TGTCAGCAGTATGGTAACTCACCTCTGTGGGCGTTC,690,6,clonotype52,clonotype52_consensus_2
ATGAGGGGTGGCTCCA-1,True,ATGAGGGGTGGCTCCA-1_contig_2,True,539,IGH,IGHV4-59,None,IGHJ5,IGHM,True,True,CARDRYCSGGCAAFDPW,TGTGCGAGAGACCGATATTGTAGTGGTGGTTGTGCGGCGTTCGACCCCTGG,184,2,clonotype52,clonotype52_consensus_1
ATGAGGGGTGGCTCCA-1,True,ATGAGGGGTGGCTCCA-1_contig_3,True,552,IGH,IGHV3-15,None,IGHJ6,IGHG1,True,False,None,None,226,3,clonotype52,None
ATGGGAGCATCCTAGA-1,True,ATGGGAGCATCCTAGA-1_contig_1,True,563,IGK,IGKV2-24,None,IGKJ1,IGKC,True,True,CMQATQFPHTF,TGCATGCAAGCTACCCAATTTCCTCACACGTTC,236,3,clonotype53,clonotype53_consensus_1
ATGGGAGCATCCTAGA-1,True,ATGGGAGCATCCTAGA-1_contig_2,True,626,IGH,IGHV1-18,None,IGHJ4,IGHM,True,False,None,None,415,3,clonotype53,None
ATTACTCAGAAGGTGA-1,True,ATTACTCAGAAGGTGA-1_contig_1,True,633,IGL,IGLV3-21,None,IGLJ3,IGLC2,True,True,CQVWDISSDHPVF,TGTCAGGTGTGGGATATAAGTAGTGATCATCCGGTGTTC,512,8,clonotype54,clonotype54_consensus_1
ATTACTCAGAAGGTGA-1,True,ATTACTCAGAAGGTGA-1_contig_2,True,572,IGH,IGHV3-15,None,IGHJ4,IGHM,True,True,CATDDCTTSRCHFNYW,TGTGCCACAGACGATTGCACTACTTCCAGGTGCCACTTTAATTATTGG,237,3,clonotype54,clonotype54_consensus_2
ATTATCCCAGTAAGAT-1,True,ATTATCCCAGTAAGAT-1_contig_1,True,555,IGK,IGKV3-11,None,IGKJ4,IGKC,True,True,CQQRSNWPPLTF,TGTCAGCAGCGTAGCAACTGGCCTCCCCTCACTTTC,361,4,clonotype55,clonotype55_consensus_1
ATTATCCCAGTAAGAT-1,True,ATTATCCCAGTAAGAT-1_contig_2,True,418,IGH,IGHV3-23,IGHD3-3,None,None,False,False,CANFFRFLEW,TGTGCGAACTTTTTTCGATTTTTGGAGTGG,26,1,clonotype55,None
ATTGGTGCAACGATGG-1,True,ATTGGTGCAACGATGG-1_contig_1,True,565,IGH,IGHV3-7,None,IGHJ6,IGHM,True,True,CARDNGYYYGMDVW,TGTGCGAGAGACAATGGGTACTACTACGGTATGGACGTCTGG,475,5,clonotype56,clonotype56_consensus_1
ATTGGTGCAACGATGG-1,True,ATTGGTGCAACGATGG-1_contig_2,True,639,IGL,IGLV1-36,None,IGLJ3,IGLC2,True,True,CAAWDDSLNGRVF,TGTGCAGCATGGGATGACAGTCTGAATGGTCGGGTGTTC,595,8,clonotype56,clonotype56_consensus_2
ATTGGTGGTGATAAAC-1,True,ATTGGTGGTGATAAAC-1_contig_1,True,653,IGL,IGLV1-40,None,IGLJ3,IGLC2,True,True,CQSYDSSLSGWVF,TGTCAGTCATATGACAGCAGCCTGAGTGGTTGGGTGTTC,247,4,clonotype57,clonotype57_consensus_1
ATTGGTGGTTACCAGT-1,True,ATTGGTGGTTACCAGT-1_contig_1,True,623,IGL,IGLV3-1,None,IGLJ3,IGLC2,True,True,CQAWDSTTWVF,TGTCAGGCGTGGGACAGCACCACTTGGGTGTTC,772,13,clonotype58,clonotype58_consensus_2
ATTGGTGGTTACCAGT-1,True,ATTGGTGGTTACCAGT-1_contig_2,True,645,IGH,IGHV1-2,None,IGHJ4,IGHA1,True,True,CARDHDSSGRYPFDYW,TGTGCGAGAGATCATGATAGTAGTGGTCGTTACCCCTTTGACTACTGG,1368,15,clonotype58,clonotype58_consensus_1
ATTTCTGGTTTAAGCC-1,True,ATTTCTGGTTTAAGCC-1_contig_1,True,566,IGK,IGKV4-1,None,IGKJ4,IGKC,True,True,CQQYYSTPLTF,TGTCAGCAATATTATAGTACTCCTCTCACTTTC,2400,24,clonotype1,clonotype1_consensus_1
ATTTCTGGTTTAAGCC-1,True,ATTTCTGGTTTAAGCC-1_contig_2,True,677,IGH,IGHV1-2,IGHD5-18,IGHJ4,IGHG1,True,True,CARVPVTGEYSYGYAEIDYW,TGTGCGAGAGTTCCAGTGACCGGTGAATACAGCTATGGTTACGCCGAAATTGACTACTGG,430,9,clonotype1,clonotype1_consensus_2
CAACCAATCAAGCCTA-1,True,CAACCAATCAAGCCTA-1_contig_1,True,549,IGK,IGKV1D-39,None,IGKJ4,IGKC,True,True,CQQSYSTPLTF,TGTCAACAGAGTTACAGTACCCCGCTCACTTTC,687,12,clonotype59,clonotype59_consensus_1
CAACCAATCAAGCCTA-1,True,CAACCAATCAAGCCTA-1_contig_2,True,561,IGH,IGHV3-15,None,IGHJ4,IGHM,True,True,CTTDYYYDNSGTFDYW,TGTACCACAGATTACTACTATGATAATAGTGGCACCTTTGACTACTGG,282,4,clonotype59,clonotype59_consensus_2
CAAGGCCGTTGGGACA-1,True,CAAGGCCGTTGGGACA-1_contig_1,True,544,IGK,IGKV1D-39,None,IGKJ1,IGKC,True,True,CQQSYSTPRTF,TGTCAACAGAGTTACAGTACCCCTCGGACGTTC,1313,19,clonotype60,clonotype60_consensus_2
CAAGGCCGTTGGGACA-1,True,CAAGGCCGTTGGGACA-1_contig_2,True,535,IGH,IGHV4-59,None,IGHJ6,IGHM,True,True,CAREMALAAADYYYGMDVW,TGTGCGAGAGAGATGGCCTTAGCAGCAGCTGACTACTACTACGGTATGGACGTCTGG,335,4,clonotype60,clonotype60_consensus_1
CACAAACTCGCCATAA-1,True,CACAAACTCGCCATAA-1_contig_1,True,633,IGL,IGLV3-21,None,IGLJ1,IGLC1,True,True,CQVWDSSSDHYVF,TGTCAGGTGTGGGATAGTAGTAGTGATCATTATGTCTTC,531,6,clonotype10,clonotype10_consensus_1
CACAGGCCAACGATGG-1,True,CACAGGCCAACGATGG-1_contig_1,True,556,IGK,IGKV2-24,None,IGKJ4,IGKC,True,True,CMQTTQFPHGVF,TGCATGCAAACTACACAATTTCCTCATGGGGTTTTC,515,6,clonotype61,clonotype61_consensus_1
CACATAGAGTGAATTG-1,True,CACATAGAGTGAATTG-1_contig_1,True,659,IGH,IGHV1-46,None,IGHJ4,IGHG1,True,True,CARDQGIRYGPDYW,TGTGCTAGAGATCAAGGTATAAGATATGGCCCTGATTACTGG,284,4,clonotype2,clonotype2_consensus_2
CACATAGAGTGAATTG-1,True,CACATAGAGTGAATTG-1_contig_2,True,628,IGL,IGLV3-10,None,IGLJ3,IGLC2,True,True,CYSTDSSGVNRVF,TGTTACTCAACAGACAGCAGTGGTGTTAATAGGGTGTTC,315,9,clonotype2,clonotype2_consensus_1
CACATTTCACGAGGTA-1,True,CACATTTCACGAGGTA-1_contig_1,True,636,IGL,IGLV3-21,None,IGLJ2,IGLC2,True,True,CQVWDSSSDHPGVF,TGTCAGGTGTGGGATAGTAGTAGTGATCATCCGGGGGTATTC,3768,59,clonotype62,clonotype62_consensus_1
CACCACTCAGCTTCGG-1,True,CACCACTCAGCTTCGG-1_contig_1,True,547,IGK,IGKV1-9,None,IGKJ3,IGKC,True,True,CQQIKSYPFF,TGTCAACAGATTAAGAGTTATCCGTTTTTC,459,4,clonotype11,clonotype11_consensus_1
CACCAGGCACGCGAAA-1,True,CACCAGGCACGCGAAA-1_contig_1,True,551,IGK,IGKV1-39,None,IGKJ1,IGKC,True,True,CHQTFDTPWTF,TGTCATCAGACATTCGATACTCCGTGGACGTTC,63859,3343,clonotype63,clonotype63_consensus_1
CACCAGGCACGCGAAA-1,True,CACCAGGCACGCGAAA-1_contig_2,True,635,IGH,IGHV4-30-2,None,IGHJ4,IGHA1,True,True,CVSCRTTTFDDW,TGTGTGAGTTGTCGGACGACCACTTTTGACGACTGG,9521,297,clonotype63,clonotype63_consensus_2
CACCAGGCACGCGAAA-1,True,CACCAGGCACGCGAAA-1_contig_3,True,759,IGL,None,None,IGLJ1,IGLC2,False,False,None,None,136,10,clonotype63,None
CACCTTGTCGCTTAGA-1,True,CACCTTGTCGCTTAGA-1_contig_1,True,637,IGL,IGLV2-8,None,IGLJ3,IGLC2,True,True,CNSYSGSDNLVF,TGCAACTCATATTCAGGCAGCGACAATTTGGTGTTC,244,3,clonotype12,clonotype12_consensus_1
CACTCCATCGGCGGTT-1,True,CACTCCATCGGCGGTT-1_contig_1,True,557,IGK,IGKV3-20,None,IGKJ1,IGKC,True,True,CQQYGSSSWSF,TGTCAGCAGTATGGTTCCTCATCGTGGTCGTTC,1514,17,clonotype64,clonotype64_consensus_2
CACTCCATCGGCGGTT-1,True,CACTCCATCGGCGGTT-1_contig_2,True,621,IGH,IGHV1-3,None,IGHJ4,IGHG1,True,True,CARVLDYW,TGTGCGAGAGTCCTTGACTACTGG,381,4,clonotype64,clonotype64_consensus_1
CAGAATCGTCTGGTCG-1,True,CAGAATCGTCTGGTCG-1_contig_1,True,621,IGL,IGLV8-61,None,IGLJ3,IGLC2,True,True,CVLYMGSGIWVF,TGTGTGCTGTATATGGGTAGTGGCATTTGGGTGTTC,185,3,clonotype65,clonotype65_consensus_1
CAGAATCGTCTGGTCG-1,True,CAGAATCGTCTGGTCG-1_contig_2,True,547,IGH,IGHV3-23,None,IGHJ4,IGHM,True,True,CAKDTRPDYW,TGTGCGAAAGATACTCGACCTGACTACTGG,303,4,clonotype65,clonotype65_consensus_2
CAGAATCGTCTGGTCG-1,True,CAGAATCGTCTGGTCG-1_contig_3,True,563,IGH,IGHV3-21,None,IGHJ6,IGHM,True,False,CITVREMRVYYYYGMDVW,TGTATTACTGTGCGAGAGATGAGAGTCTACTACTACTACGGTATGGACGTCTGG,271,3,clonotype65,None
CAGCGACGTCTCACCT-1,True,CAGCGACGTCTCACCT-1_contig_1,True,559,IGK,IGKV1D-39,None,IGKJ2,IGKC,True,True,CQQTYSTLGNTF,TGTCAACAGACTTACAGTACCCTCGGGAACACTTTT,53800,1515,clonotype13,clonotype13_consensus_2
CAGCGACGTCTCACCT-1,True,CAGCGACGTCTCACCT-1_contig_2,True,552,IGH,IGHV1-3,None,IGHJ4,IGHM,True,True,CTRDRGNYDYVWGTYRSIFDYW,TGTACGAGAGACCGGGGAAATTATGATTATGTTTGGGGGACTTATCGTTCAATTTTTGACTATTGG,21744,680,clonotype13,clonotype13_consensus_1
CAGCGACGTCTCACCT-1,True,CAGCGACGTCTCACCT-1_contig_3,True,789,IGH,None,None,IGHJ4,IGHA1,False,False,None,None,68,3,clonotype13,None
CAGCGACGTCTCACCT-1,True,CAGCGACGTCTCACCT-1_contig_4,True,342,IGL,None,None,IGLJ1,IGLC1,False,False,None,None,518,14,clonotype13,None
CAGCGACGTCTCACCT-1,True,CAGCGACGTCTCACCT-1_contig_5,True,684,IGL,None,None,IGLJ1,IGLC1,False,False,None,None,175,5,clonotype13,None
CAGCGACGTCTCACCT-1,True,CAGCGACGTCTCACCT-1_contig_6,True,344,IGK,None,None,IGKJ1,None,False,False,None,None,31,1,clonotype13,None
CAGCGACTCGCAAGCC-1,True,CAGCGACTCGCAAGCC-1_contig_1,True,624,IGL,IGLV3-1,None,IGLJ3,IGLC2,True,True,CQAWDSSTWVF,TGTCAGGCGTGGGACAGCAGCACTTGGGTGTTC,884,13,clonotype66,clonotype66_consensus_1
CAGCTGGAGACAGAGA-1,True,CAGCTGGAGACAGAGA-1_contig_1,True,653,IGL,IGLV1-40,None,IGLJ2,IGLC2,True,True,CQSCDSSLSGAVF,TGCCAGTCCTGTGACAGCAGCCTGAGTGGTGCGGTGTTC,376,6,clonotype67,clonotype67_consensus_1
CAGCTGGCAGCCTTTC-1,True,CAGCTGGCAGCCTTTC-1_contig_1,True,639,IGL,IGLV2-14,None,IGLJ3,IGLC2,True,True,CNSYTSSTTPLF,TGCAACTCATATACAAGCAGCACCACACCCTTGTTC,344,7,clonotype68,clonotype68_consensus_1
CAGGTGCAGAAACCAT-1,True,CAGGTGCAGAAACCAT-1_contig_1,True,607,IGH,IGHV3-74,None,IGHJ2,IGHM,True,True,CVRDYDGDPVGDWYFDLW,TGTGTAAGAGATTACGACGGGGACCCTGTGGGGGACTGGTACTTCGATCTCTGG,464,7,clonotype69,clonotype69_consensus_2
CAGGTGCAGAAACCAT-1,True,CAGGTGCAGAAACCAT-1_contig_2,True,640,IGL,IGLV2-14,None,IGLJ1,IGLC1,True,True,CSSYTSSDSYVF,TGCAGCTCATATACAAGCAGCGACTCTTATGTCTTC,1235,14,clonotype69,clonotype69_consensus_1
CAGTAACGTTCGTGAT-1,True,CAGTAACGTTCGTGAT-1_contig_1,True,563,IGK,IGKV3-15,None,IGKJ1,IGKC,True,True,CQQYNNWPRTF,TGTCAGCAGTATAATAATTGGCCTCGAACGTTC,2568,24,clonotype70,clonotype70_consensus_1
CATATGGGTCCAACTA-1,True,CATATGGGTCCAACTA-1_contig_1,True,551,IGK,IGKV1-12,None,IGKJ3,IGKC,True,True,CQQSNSFPFTF,TGTCAACAGTCTAACAGTTTCCCATTCACTTTC,1308,13,clonotype71,clonotype71_consensus_1
CATATGGGTCCAACTA-1,True,CATATGGGTCCAACTA-1_contig_2,True,485,IGH,IGHV3-53,None,IGHJ3,IGHA1,True,False,CVRGPERDYFDTLDLW,TGTGTGAGAGGTCCCGAAAGGGATTACTTTGATACTCTTGATCTCTGG,112,1,clonotype71,None
CATATTCAGTGAATTG-1,True,CATATTCAGTGAATTG-1_contig_1,True,552,IGK,IGKV1D-39,None,IGKJ4,IGKC,True,True,CQQSYSTPLTF,TGTCAACAGAGTTACAGTACCCCGCTCACTTTC,1076,11,clonotype72,clonotype72_consensus_1
CATCCACTCCATGCTC-1,True,CATCCACTCCATGCTC-1_contig_1,True,559,IGK,IGKV3-20,None,IGKJ1,IGKC,True,True,CQHYGSSQPWTF,TGTCAGCACTATGGTAGTTCACAGCCGTGGACGTTC,834,9,clonotype73,clonotype73_consensus_1
CATCGAACAATCGAAA-1,True,CATCGAACAATCGAAA-1_contig_1,True,535,IGK,IGKV3-11,None,IGKJ4,IGKC,True,True,CQQRSNWLTF,TGTCAGCAGCGGAGCAACTGGCTCACTTTC,282,2,clonotype74,clonotype74_consensus_1
CATCGAACAATCGAAA-1,True,CATCGAACAATCGAAA-1_contig_2,True,619,IGL,IGLV2-14,None,IGLJ1,IGLC1,True,True,CSSYTSRATYVF,TGCAGCTCATATACAAGCCGCGCCACTTATGTCTTC,102,2,clonotype74,clonotype74_consensus_2
CATGACAGTACAAGTA-1,True,CATGACAGTACAAGTA-1_contig_1,True,551,IGK,IGKV1-39,None,IGKJ1,IGKC,True,True,CQQSYGLRWTF,TGTCAGCAGAGTTACGGTCTTAGGTGGACGTTC,1185,13,clonotype75,clonotype75_consensus_1
CATGACAGTACAAGTA-1,True,CATGACAGTACAAGTA-1_contig_2,True,555,IGK,IGKV1-27,None,IGKJ3,IGKC,True,False,CLNHGGARGFTF,TGTCTAAATCATGGCGGTGCCCGCGGGTTCACTTTC,1895,17,clonotype75,None
CATGACAGTACAAGTA-1,True,CATGACAGTACAAGTA-1_contig_3,True,682,IGH,IGHV3-53,None,IGHJ6,IGHG4,True,False,CARTPTPNIAGPAGGMDVW,TGTGCGAGAACCCCGACTCCGAATATAGCAGGACCCGCTGGCGGTATGGACGTCTGG,155,3,clonotype75,None
CATGGCGTCATGTCCC-1,True,CATGGCGTCATGTCCC-1_contig_1,True,638,IGL,IGLV2-14,None,IGLJ3,IGLC2,True,True,CSSYTSSSTRVF,TGCAGCTCATATACAAGCAGCAGCACTCGAGTGTTC,176,4,clonotype76,clonotype76_consensus_1
CCACCTAAGCACGCCT-1,True,CCACCTAAGCACGCCT-1_contig_1,True,550,IGK,IGKV3-20,None,IGKJ2,IGKC,True,True,CQQYGTSPNTF,TGTCAGCAGTATGGTACTTCACCGAACACTTTT,190,3,clonotype77,clonotype77_consensus_1
CCACGGATCCTACAGA-1,True,CCACGGATCCTACAGA-1_contig_1,True,651,IGH,IGHV3-23,None,IGHJ4,IGHA1,True,True,CAKLPKWLFFDYW,TGTGCGAAACTCCCTAAGTGGTTATTCTTTGACTACTGG,17749,322,clonotype8,clonotype8_consensus_2
CCACGGATCCTACAGA-1,True,CCACGGATCCTACAGA-1_contig_2,True,641,IGL,IGLV2-11,None,IGLJ1,IGLC1,True,True,CCSYAGDYTYVF,TGCTGCTCATATGCAGGCGACTATACTTATGTCTTC,57351,1738,clonotype8,clonotype8_consensus_1
CCATGTCCAATAAGCA-1,True,CCATGTCCAATAAGCA-1_contig_1,True,553,IGH,IGHV3-23,None,IGHJ4,IGHM,True,True,CAKDKKWEPPGW,TGTGCGAAAGATAAAAAGTGGGAGCCACCTGGGTGG,101,2,clonotype78,clonotype78_consensus_2
CCATGTCCAATAAGCA-1,True,CCATGTCCAATAAGCA-1_contig_2,True,551,IGK,IGKV1-5,None,IGKJ1,IGKC,True,True,CQQYNSYYRTF,TGCCAACAGTATAATAGTTATTATCGGACGTTC,1464,15,clonotype78,clonotype78_consensus_1
CCATGTCCAATAAGCA-1,True,CCATGTCCAATAAGCA-1_contig_3,True,449,IGH,IGHV1-3,None,IGHJ5,IGHG1,True,False,CFDPW,TGCTTCGACCCCTGG,269,2,clonotype78,None
CCCAGTTGTTCCACAA-1,True,CCCAGTTGTTCCACAA-1_contig_1,True,642,IGL,IGLV2-18,None,IGLJ2,IGLC2,True,True,CTLYTSSGTVIF,TGCACCTTATACACAAGTAGCGGCACTGTAATTTTC,268,3,clonotype79,clonotype79_consensus_1
CCCATACGTTCGGCAC-1,True,CCCATACGTTCGGCAC-1_contig_1,True,556,IGH,IGHV3-53,None,IGHJ3,IGHM,True,True,CAREDGYVGPFDIW,TGTGCGAGAGAGGATGGCTACGTCGGGCCTTTTGATATCTGG,3176,43,clonotype80,clonotype80_consensus_2
CCCATACGTTCGGCAC-1,True,CCCATACGTTCGGCAC-1_contig_2,True,624,IGL,IGLV4-69,None,IGLJ3,IGLC2,True,True,CQTWDTGIRVF,TGTCAGACCTGGGACACTGGCATTCGGGTGTTC,6962,97,clonotype80,clonotype80_consensus_1
CCCTCCTTCTTTACAC-1,True,CCCTCCTTCTTTACAC-1_contig_1,True,556,IGK,IGKV3-15,None,IGKJ4,IGKC,True,True,CQQYNNWPPLTF,TGTCAGCAGTATAATAACTGGCCTCCGCTCACTTTC,575,476,clonotype81,clonotype81_consensus_1
CCCTCCTTCTTTACAC-1,True,CCCTCCTTCTTTACAC-1_contig_2,True,670,IGH,IGHV3-33,None,IGHJ4,IGHG1,True,True,CAREGYNVYTTSYFDFW,TGTGCGAGGGAGGGGTATAATGTCTATACCACCTCTTACTTTGACTTCTGG,36,29,clonotype81,clonotype81_consensus_2
CCGTACTAGCGATAGC-1,True,CCGTACTAGCGATAGC-1_contig_1,True,579,IGH,IGHV3-33,None,IGHJ6,IGHM,True,True,CARAPGRFTPLDYGMDVW,TGTGCGAGAGCCCCCGGGAGGTTCACGCCCCTGGACTACGGTATGGACGTCTGG,434,9,clonotype82,clonotype82_consensus_1
CCGTACTAGCGATAGC-1,True,CCGTACTAGCGATAGC-1_contig_2,True,563,IGK,IGKV2-28,None,IGKJ3,IGKC,True,True,CMQALQTPWTF,TGCATGCAAGCTCTACAAACTCCTTGGACTTTC,1385,12,clonotype82,clonotype82_consensus_2
CCGTACTGTAGCGCTC-1,True,CCGTACTGTAGCGCTC-1_contig_1,True,635,IGL,IGLV1-51,None,IGLJ3,IGLC2,True,True,CGTWDSSLSAWVF,TGCGGAACATGGGATAGCAGCCTGAGTGCTTGGGTGTTC,497,10,clonotype83,clonotype83_consensus_2
CCGTACTGTAGCGCTC-1,True,CCGTACTGTAGCGCTC-1_contig_2,True,481,IGH,IGHV4-61,IGHD3-22,IGHJ4,None,True,True,CAREDYFDSSGYFGDYFDYW,TGTGCGAGAGAGGATTACTTTGATAGTAGTGGTTATTTCGGAGACTACTTTGACTACTGG,84,2,clonotype83,clonotype83_consensus_1
CCGTTCAAGGTGATTA-1,True,CCGTTCAAGGTGATTA-1_contig_1,True,556,IGK,IGKV3-20,None,IGKJ1,IGKC,True,True,CQQYGSLPRTF,TGTCAGCAGTATGGTAGTTTACCTCGGACGTTC,554,6,clonotype84,clonotype84_consensus_2
CCGTTCAAGGTGATTA-1,True,CCGTTCAAGGTGATTA-1_contig_2,True,642,IGL,IGLV2-14,None,IGLJ3,IGLC2,True,True,CSSYTSSSTRVF,TGCAGCTCATATACAAGCAGCAGCACTCGGGTGTTC,301,5,clonotype84,clonotype84_consensus_1
CCGTTCAAGGTGATTA-1,True,CCGTTCAAGGTGATTA-1_contig_3,True,489,IGH,IGHV4-59,IGHD2-15,IGHJ4,IGHA2,True,False,CAGGAGYCTGGSCDLDYW,TGTGCGGGAGGGGCAGGATATTGTACTGGTGGTAGCTGCGACCTTGACTACTGG,114,3,clonotype84,None
CCTACACTCGTACGGC-1,True,CCTACACTCGTACGGC-1_contig_1,True,566,IGK,IGKV4-1,None,IGKJ4,IGKC,True,True,CQQYYSTPLTF,TGTCAGCAATATTATAGTACTCCTCTCACTTTC,446,3,clonotype1,clonotype1_consensus_1
CCTACACTCGTACGGC-1,True,CCTACACTCGTACGGC-1_contig_2,True,665,IGH,IGHV1-2,IGHD5-18,IGHJ4,IGHG1,True,True,CARVPVTGEYSYGYAEIDYW,TGTGCGAGAGTTCCAGTGACCGGTGAATACAGCTATGGTTACGCCGAAATTGACTACTGG,154,2,clonotype1,clonotype1_consensus_2
CCTCTGACAGCCTGTG-1,True,CCTCTGACAGCCTGTG-1_contig_1,True,568,IGK,IGKV3-20,None,IGKJ2,IGKC,True,True,CQHYDDSSPYTF,TGTCAGCACTATGATGACTCATCTCCCTACACTTTT,1552,15,clonotype85,clonotype85_consensus_1
CCTCTGACAGCCTGTG-1,True,CCTCTGACAGCCTGTG-1_contig_2,True,664,IGH,IGHV5-51,None,IGHJ6,IGHA2,True,True,CARHGLFGCNSVGCYTSFYYYGMDVW,TGTGCGAGACATGGGCTTTTCGGTTGTAATAGTGTCGGCTGCTATACTTCATTCTATTACTACGGTATGGACGTCTGG,246,5,clonotype85,clonotype85_consensus_2
CCTTTCTCAATCAGAA-1,True,CCTTTCTCAATCAGAA-1_contig_1,True,559,IGK,IGKV3-20,None,IGKJ2,IGKC,True,True,CQQYGGSPPHTF,TGTCAACAATATGGTGGTTCACCCCCGCACACTTTT,1886,19,clonotype86,clonotype86_consensus_1
CCTTTCTCAATCAGAA-1,True,CCTTTCTCAATCAGAA-1_contig_2,True,642,IGH,IGHV5-10-1,None,IGHJ5,IGHG1,True,True,CARHLRGWSW,TGTGCGAGACACTTACGTGGGTGGTCCTGG,1369,16,clonotype86,clonotype86_consensus_2
CGACCTTTCTCATTCA-1,True,CGACCTTTCTCATTCA-1_contig_1,True,554,IGK,IGKV3-20,None,IGKJ4,IGKC,True,True,CQQYGSSLLTF,TGTCAGCAGTATGGGAGCTCACTGCTCACTTTC,406,3,clonotype87,clonotype87_consensus_1
CGAGCACAGGCCCTTG-1,True,CGAGCACAGGCCCTTG-1_contig_1,True,675,IGH,IGHV1-58,None,IGHJ6,IGHA1,True,True,CAGPNIDSRRPVAHDTYYYYYYRMDVW,TGTGCGGGCCCAAATATAGATTCTCGTCGTCCAGTGGCCCACGATACATATTATTACTACTACTACCGTATGGACGTCTGG,18424,4889,clonotype88,clonotype88_consensus_1
CGAGCACAGGCCCTTG-1,True,CGAGCACAGGCCCTTG-1_contig_2,True,553,IGK,IGKV1D-33,None,IGKJ5,IGKC,True,True,CQQYDDLITF,TGCCAACAATATGATGACCTTATTACCTTC,57425,18516,clonotype88,clonotype88_consensus_2
CGAGCCAAGGCATGGT-1,True,CGAGCCAAGGCATGGT-1_contig_1,True,628,IGL,IGLV3-10,None,IGLJ1,IGLC1,True,True,CYSTDSSGNHSVF,TGTTACTCAACAGACAGCAGTGGTAATCATAGTGTCTTC,1022,13,clonotype89,clonotype89_consensus_1
CGAGCCAAGGCATGGT-1,True,CGAGCCAAGGCATGGT-1_contig_2,True,547,IGH,IGHV3-15,None,IGHJ4,IGHM,True,True,CTTGGDW,TGTACCACGGGGGGGGACTGG,159,1,clonotype89,clonotype89_consensus_2
CGAGCCATCGGAAATA-1,True,CGAGCCATCGGAAATA-1_contig_1,True,633,IGL,IGLV7-46,None,IGLJ2,IGLC2,True,True,CLLTYTDVRKVF,TGTTTGCTCACCTATACTGATGTTCGGAAGGTTTTC,418,6,clonotype90,clonotype90_consensus_1
CGATCGGTCACAAACC-1,True,CGATCGGTCACAAACC-1_contig_1,True,544,IGK,IGKV3-20,None,IGKJ1,IGKC,True,True,CQQYGSLPRTF,TGTCAGCAGTATGGTAGTTTACCTCGGACGTTC,201,2,clonotype91,clonotype91_consensus_1
CGATCGGTCACAAACC-1,True,CGATCGGTCACAAACC-1_contig_2,True,622,IGH,IGHV4-39,None,IGHJ6,IGHA1,True,True,CAMTVEVAADGVDVW,TGTGCCATGACTGTGGAGGTGGCTGCAGACGGTGTGGACGTCTGG,126,1,clonotype91,clonotype91_consensus_2
CGATGTACATCGATTG-1,True,CGATGTACATCGATTG-1_contig_1,True,636,IGL,IGLV3-19,None,IGLJ2,IGLC2,True,True,CNSRDSNNNPYVVF,TGTAACTCCCGGGACAGTAATAATAACCCCTATGTGGTGTTC,191,3,clonotype92,clonotype92_consensus_1
CGCGGTACAATGCCAT-1,True,CGCGGTACAATGCCAT-1_contig_1,True,647,IGL,IGLV1-40,None,IGLJ3,IGLC2,True,True,CQSYDRSLSGFWVF,TGCCAGTCCTATGACAGAAGTCTGAGTGGTTTTTGGGTTTTC,121,3,clonotype93,clonotype93_consensus_1
CGCGTTTAGTGGCACA-1,True,CGCGTTTAGTGGCACA-1_contig_1,True,563,IGK,IGKV2-30,None,IGKJ1,IGKC,True,True,CMQGTHWPWTF,TGCATGCAAGGTACACACTGGCCGTGGACGTTC,4139,46,clonotype94,clonotype94_consensus_1
CGCGTTTAGTGGCACA-1,True,CGCGTTTAGTGGCACA-1_contig_2,True,612,IGH,IGHV1-18,IGHD3-16,IGHJ6,IGHM,True,False,None,None,625,10,clonotype94,None
CGCTGGAGTAGCTAAA-1,True,CGCTGGAGTAGCTAAA-1_contig_1,True,628,IGL,IGLV3-27,None,IGLJ3,IGLC2,True,True,CYSAAGNTLGMF,TGTTACTCTGCGGCTGGCAACACTCTAGGAATGTTC,403,6,clonotype95,clonotype95_consensus_1
CGCTGGAGTAGCTAAA-1,True,CGCTGGAGTAGCTAAA-1_contig_2,True,638,IGH,IGHV3-33,None,IGHJ6,IGHA1,True,True,CVRDLRGPLDNGFDVW,TGTGTGAGAGATCTTAGAGGACCACTCGACAATGGTTTCGACGTCTGG,94,3,clonotype95,clonotype95_consensus_2
CGGAGCTGTTCGCGAC-1,True,CGGAGCTGTTCGCGAC-1_contig_1,True,548,IGK,IGKV4-1,None,IGKJ1,IGKC,True,True,CQQYYSSPWTF,TGTCAGCAATATTATAGTTCTCCGTGGACGTTC,69792,922,clonotype14,clonotype14_consensus_2
CGGAGCTGTTCGCGAC-1,True,CGGAGCTGTTCGCGAC-1_contig_2,True,609,IGH,IGHV4-4,None,IGHJ4,IGHA2,True,True,CVVRAYGMEGAHW,TGTGTGGTACGTGCATACGGTATGGAAGGGGCCCACTGG,5173,74,clonotype14,clonotype14_consensus_1
CGGAGCTGTTCGCGAC-1,True,CGGAGCTGTTCGCGAC-1_contig_3,True,305,IGL,None,None,IGLJ1,IGLC1,False,False,None,None,1251,23,clonotype14,None
CGGAGCTGTTCGCGAC-1,True,CGGAGCTGTTCGCGAC-1_contig_4,True,421,IGK,IGKV1-39,None,IGKJ5,None,True,False,CQQYDDLITF,TGCCAACAATATGATGACCTTATTACCTTC,133,4,clonotype14,None
CGGAGCTTCTTGGGTA-1,True,CGGAGCTTCTTGGGTA-1_contig_1,True,654,IGL,IGLV9-49,None,IGLJ2,IGLC2,True,True,CGADHGSGSNFVVVF,TGTGGGGCAGACCATGGCAGTGGGAGCAACTTCGTCGTGGTGTTC,229,3,clonotype96,clonotype96_consensus_1
CGGAGCTTCTTGGGTA-1,True,CGGAGCTTCTTGGGTA-1_contig_2,True,516,IGH,IGHV4-39,None,IGHJ4,IGHM,True,True,CARRTAVTNFAHW,TGTGCGAGACGGACTGCGGTGACAAACTTTGCCCACTGG,124,2,clonotype96,clonotype96_consensus_2
CGGCTAGCATTATCTC-1,True,CGGCTAGCATTATCTC-1_contig_1,True,557,IGH,IGHV3-7,None,IGHJ4,IGHM,True,True,CSRGGDPYSEAAYW,TGTTCGAGGGGGGGCGATCCATATAGCGAAGCAGCATACTGG,504,7,clonotype97,clonotype97_consensus_2
CGGCTAGCATTATCTC-1,True,CGGCTAGCATTATCTC-1_contig_2,True,630,IGL,IGLV7-43,None,IGLJ3,IGLC2,True,True,CLLHYNGNWFF,TGCCTACTCCACTATAATGGTAACTGGTTTTTC,412,6,clonotype97,clonotype97_consensus_1
CGGCTAGGTCTAGGTT-1,True,CGGCTAGGTCTAGGTT-1_contig_1,True,548,IGK,IGKV1-9,None,IGKJ3,IGKC,True,True,CQQIKSYPFF,TGTCAACAGATTAAGAGTTATCCGTTTTTC,2876,29,clonotype11,clonotype11_consensus_1
CGGGTCAAGGGATCTG-1,True,CGGGTCAAGGGATCTG-1_contig_1,True,640,IGH,IGHV1-18,None,IGHJ4,IGHA1,True,True,CAREFFDSNDYYYGYW,TGTGCGAGAGAGTTCTTTGACAGTAATGATTATTACTATGGCTACTGG,989,8,clonotype98,clonotype98_consensus_1
CGGGTCAAGGGATCTG-1,True,CGGGTCAAGGGATCTG-1_contig_2,True,633,IGL,IGLV3-19,None,IGLJ2,IGLC2,True,True,CNSRDNNYNRVLF,TGTAACTCCCGAGACAACAATTATAACCGTGTGCTATTT,720,12,clonotype98,clonotype98_consensus_2
CGGGTCAAGGGATCTG-1,True,CGGGTCAAGGGATCTG-1_contig_3,True,633,IGL,IGLV3-10,None,IGLJ3,IGLC2,True,False,None,None,376,5,clonotype98,None
CGGTTAACATGAAGTA-1,True,CGGTTAACATGAAGTA-1_contig_1,True,582,IGH,IGHV3-23,IGHD3-3,IGHJ4,IGHM,True,True,CAKDGNYDFWSGYTYYFDYW,TGTGCGAAAGATGGGAATTACGATTTTTGGAGTGGTTATACTTACTACTTTGACTACTGG,90,1,clonotype15,clonotype15_consensus_2
CGGTTAACATGAAGTA-1,True,CGGTTAACATGAAGTA-1_contig_2,True,621,IGL,IGLV7-43,None,IGLJ3,IGLC2,True,True,CLLYYGGAQRVF,TGCCTGCTCTACTATGGTGGTGCTCAGAGGGTGTTC,166,2,clonotype15,clonotype15_consensus_1
CGGTTAACATGAAGTA-1,True,CGGTTAACATGAAGTA-1_contig_3,True,640,IGL,IGLV2-11,None,IGLJ1,IGLC1,True,False,CCSYTSSAT*,TGCTGCTCATATACAAGCAGTGCCACTTGA,201,5,clonotype15,None
CGTAGCGGTCCATGAT-1,True,CGTAGCGGTCCATGAT-1_contig_1,True,565,IGK,IGKV3-20,None,IGKJ1,IGKC,True,True,CQQYDISPRTF,TGTCAGCAGTATGATATCTCACCGAGGACGTTC,877,9,clonotype99,clonotype99_consensus_1
CGTAGGCTCATCGCTC-1,True,CGTAGGCTCATCGCTC-1_contig_1,True,583,IGH,IGHV3-23,IGHD3-3,IGHJ4,IGHM,True,True,CAKDGNYDFWSGYTYYFDYW,TGTGCGAAAGATGGGAATTACGATTTTTGGAGTGGTTATACTTACTACTTTGACTACTGG,2393,36,clonotype15,clonotype15_consensus_2
CGTAGGCTCATCGCTC-1,True,CGTAGGCTCATCGCTC-1_contig_2,True,633,IGL,IGLV7-43,None,IGLJ3,IGLC2,True,True,CLLYYGGAQRVF,TGCCTGCTCTACTATGGTGGTGCTCAGAGGGTGTTC,5518,93,clonotype15,clonotype15_consensus_1
CGTCTACGTCCCTTGT-1,True,CGTCTACGTCCCTTGT-1_contig_1,True,630,IGL,IGLV3-21,None,IGLJ1,IGLC1,True,True,CHVWDSSSDHFF,TGTCATGTGTGGGATAGTAGTAGTGATCATTTCTTC,89,2,clonotype100,clonotype100_consensus_2
CGTCTACGTCCCTTGT-1,True,CGTCTACGTCCCTTGT-1_contig_2,True,598,IGL,IGLV3-21,None,IGLJ1,IGLC1,True,True,CHVWDSSSDHYVF,TGTCATGTGTGGGATAGTAGTAGTGATCATTATGTCTTC,119,1,clonotype100,clonotype100_consensus_1
CGTGTAACAGTTCCCT-1,True,CGTGTAACAGTTCCCT-1_contig_1,True,554,IGK,IGKV3-20,None,IGKJ2,IGKC,True,True,CQQSGSSPNTF,TGTCAGCAGTCTGGTAGCTCACCGAACACTTTT,682,12,clonotype16,clonotype16_consensus_1
CGTGTAACAGTTCCCT-1,True,CGTGTAACAGTTCCCT-1_contig_2,True,626,IGH,IGHV4-59,None,IGHJ3,IGHA1,True,True,CATGGGWTAVAAIRGAFDIW,TGTGCGACCGGAGGCGGATGGACAGCTGTGGCTGCTATACGGGGTGCTTTTGATATCTGG,219,4,clonotype16,clonotype16_consensus_2
CGTTCTGTCCGGCACA-1,True,CGTTCTGTCCGGCACA-1_contig_1,True,533,IGH,IGHV4-34,None,IGHJ4,IGHM,True,True,CARKEGGGWYWKYYFDYW,TGTGCGAGAAAGGAGGGAGGGGGCTGGTACTGGAAATACTACTTTGACTACTGG,836,8,clonotype101,clonotype101_consensus_2
CGTTCTGTCCGGCACA-1,True,CGTTCTGTCCGGCACA-1_contig_2,True,641,IGL,IGLV2-11,None,IGLJ1,IGLC1,True,True,CCSYAGSYTFVF,TGCTGCTCATATGCAGGCAGCTACACTTTCGTCTTC,514,6,clonotype101,clonotype101_consensus_1
CGTTGGGTCGGTCCGA-1,True,CGTTGGGTCGGTCCGA-1_contig_1,True,556,IGK,IGKV3-20,None,IGKJ1,IGKC,True,True,CQQYGRLPRTF,TGTCAACAATATGGTAGGTTACCTCGGACGTTC,258,7,clonotype102,clonotype102_consensus_1
CTAATGGAGAAGCCCA-1,True,CTAATGGAGAAGCCCA-1_contig_1,True,566,IGK,IGKV4-1,None,IGKJ4,IGKC,True,True,CQQYYSTPLTF,TGTCAGCAATATTATAGTACTCCTCTCACTTTC,2308,22,clonotype1,clonotype1_consensus_1
CTAATGGAGAAGCCCA-1,True,CTAATGGAGAAGCCCA-1_contig_2,True,679,IGH,IGHV1-2,IGHD5-18,IGHJ4,IGHG1,True,True,CARVPVTGEYSYGYAEIDYW,TGTGCGAGAGTTCCAGTGACCGGTGAATACAGCTATGGTTACGCCGAAATTGACTACTGG,611,13,clonotype1,clonotype1_consensus_2
CTAATGGGTAGAGTGC-1,True,CTAATGGGTAGAGTGC-1_contig_1,True,630,IGL,IGLV3-1,None,IGLJ3,IGLC2,True,True,CQTWDSSTASWVF,TGTCAGACGTGGGACAGCAGCACTGCATCTTGGGTGTTC,247,7,clonotype103,clonotype103_consensus_1
CTAATGGGTAGAGTGC-1,True,CTAATGGGTAGAGTGC-1_contig_2,True,589,IGH,IGHV3-23,None,IGHJ5,IGHM,True,True,CARLGAVKYYYDTTDENLFDPW,TGTGCGAGACTTGGGGCAGTTAAGTATTACTATGATACTACTGACGAAAACTTATTCGACCCCTGG,143,1,clonotype103,clonotype103_consensus_2
CTACATTGTTACGCGC-1,True,CTACATTGTTACGCGC-1_contig_1,True,565,IGK,IGKV1-5,None,IGKJ3,IGKC,True,True,CQQYSTFPIFTF,TGCCAACAATATAGTACTTTCCCCATATTCACTTTC,919,8,clonotype104,clonotype104_consensus_1
CTACATTGTTACGCGC-1,True,CTACATTGTTACGCGC-1_contig_2,True,661,IGH,IGHV1-69D,None,IGHJ4,IGHG1,True,True,CARDRGGGLPQPTTNW,TGTGCGAGAGATCGGGGGGGGGGTCTACCCCAACCGACTACGAACTGG,242,4,clonotype104,clonotype104_consensus_2
CTCCTAGGTCTGCAAT-1,True,CTCCTAGGTCTGCAAT-1_contig_1,True,555,IGK,IGKV3-15,None,IGKJ4,IGKC,True,True,CQQYNNWPPLTF,TGTCAGCAGTATAATAACTGGCCTCCGCTCACTTTC,946,10,clonotype17,clonotype17_consensus_1
CTCGAAACACAGATTC-1,True,CTCGAAACACAGATTC-1_contig_1,True,552,IGK,IGKV3-20,None,IGKJ1,IGKC,True,True,CHQYGSSPRTF,TGTCACCAGTATGGTAGCTCACCTAGGACGTTC,347,4,clonotype105,clonotype105_consensus_1
CTCGAAATCATCGATG-1,True,CTCGAAATCATCGATG-1_contig_1,True,547,IGK,IGKV1D-39,None,IGKJ1,IGKC,True,True,CQQSYSTSWTF,TGTCAACAGAGTTACAGTACCTCCTGGACGTTC,797,8,clonotype106,clonotype106_consensus_2
CTCGAAATCATCGATG-1,True,CTCGAAATCATCGATG-1_contig_2,True,661,IGH,IGHV1-69D,None,IGHJ4,IGHG1,True,True,CARRIYNYNSGTLDYW,TGTGCGAGAAGAATTTATAACTATAATTCGGGGACGCTAGACTACTGG,99,5,clonotype106,clonotype106_consensus_1
CTCGAGGAGGAGTTTA-1,True,CTCGAGGAGGAGTTTA-1_contig_1,True,551,IGK,IGKV1-5,None,IGKJ1,IGKC,True,True,CQQYYTYPSTF,TGCCAACAATATTATACTTATCCCTCGACGTTC,903,11,clonotype107,clonotype107_consensus_1
CTCGAGGAGGAGTTTA-1,True,CTCGAGGAGGAGTTTA-1_contig_2,True,644,IGH,IGHV1-24,None,IGHJ4,IGHA1,True,True,CVTNVGDVGTSFYYDSW,TGTGTGACAAATGTAGGAGATGTCGGCACTTCGTTTTACTATGACTCCTGG,362,4,clonotype107,clonotype107_consensus_2
CTCGGAGCACTTCTGC-1,True,CTCGGAGCACTTCTGC-1_contig_1,True,667,IGH,IGHV1-2,None,IGHJ6,IGHG3,True,True,CARNSPMGPGYGMDVW,TGTGCGAGAAATTCACCTATGGGGCCTGGATACGGTATGGACGTCTGG,549,8,clonotype108,clonotype108_consensus_2
CTCGGAGCACTTCTGC-1,True,CTCGGAGCACTTCTGC-1_contig_2,True,637,IGL,IGLV2-23,None,IGLJ2,IGLC2,True,True,CSSYAGSGTLVF,TGTAGCTCATATGCAGGAAGCGGCACTTTGGTATTC,1775,25,clonotype108,clonotype108_consensus_1
CTCGGAGCACTTCTGC-1,True,CTCGGAGCACTTCTGC-1_contig_3,True,906,IGK,None,None,IGKJ1,IGKC,False,False,None,None,774,7,clonotype108,None
CTCGGAGGTGATAAAC-1,True,CTCGGAGGTGATAAAC-1_contig_1,True,653,IGL,IGLV1-40,None,IGLJ3,IGLC2,True,True,CQSFDSSLNAWVF,TGCCAGTCTTTTGACAGCAGCCTGAATGCTTGGGTGTTC,367,5,clonotype109,clonotype109_consensus_1
CTCGGGATCTACCAGA-1,True,CTCGGGATCTACCAGA-1_contig_1,True,691,IGH,IGHV1-69D,None,IGHJ6,IGHG1,True,True,CAREGGGKSHGPGEVEALLYYGMDVW,TGTGCGAGAGAGGGGGGAGGAAAGAGCCATGGTCCGGGGGAAGTTGAGGCCCTCCTCTACTACGGCATGGACGTCTGG,280,4,clonotype110,clonotype110_consensus_1
CTCGGGATCTACCAGA-1,True,CTCGGGATCTACCAGA-1_contig_2,True,641,IGL,IGLV2-18,None,IGLJ2,IGLC2,True,True,CTLYTSSGTVIF,TGCACCTTATACACAAGCAGCGGCACTGTAATTTTC,216,4,clonotype110,clonotype110_consensus_2
CTCGTCATCAGTTAGC-1,True,CTCGTCATCAGTTAGC-1_contig_1,True,555,IGK,IGKV3-11,None,IGKJ5,IGKC,True,True,CQQRSNWLPITF,TGTCAGCAGCGTAGCAACTGGCTGCCCATCACCTTC,395,6,clonotype111,clonotype111_consensus_1
CTCGTCATCCAAACAC-1,True,CTCGTCATCCAAACAC-1_contig_1,True,546,IGH,IGHV3-74,None,IGHJ4,IGHM,True,True,CASDPLPPGGV,TGTGCAAGCGATCCGCTGCCCCCAGGGGGAGTG,369,5,clonotype112,clonotype112_consensus_2
CTCGTCATCCAAACAC-1,True,CTCGTCATCCAAACAC-1_contig_2,True,628,IGL,IGLV3-10,None,IGLJ3,IGLC2,True,True,CYSADSRGDQWVF,TGTTACTCAGCAGACAGCAGAGGTGACCAGTGGGTGTTC,985,15,clonotype112,clonotype112_consensus_1
CTCTGGTAGTGGTAAT-1,True,CTCTGGTAGTGGTAAT-1_contig_1,True,582,IGK,IGKV3-20,None,IGKJ1,IGKC,True,True,CQQYGNSPRVERTF,TGTCAGCAGTATGGTAACTCACCGAGGGTCGAAAGGACGTTC,1499,15,clonotype113,clonotype113_consensus_1
CTCTGGTTCTGGTGTA-1,True,CTCTGGTTCTGGTGTA-1_contig_1,True,637,IGL,IGLV2-8,None,IGLJ3,IGLC2,True,True,CSSYAGRNNWVF,TGTAGCTCATATGCAGGCAGGAACAACTGGGTGTTC,189,3,clonotype4,clonotype4_consensus_1
CTGAAGTAGGATGGTC-1,True,CTGAAGTAGGATGGTC-1_contig_1,True,723,IGL,IGLV3-21,None,IGLJ1,IGLC1,True,True,CQVWDSSSDLYVF,TGTCAGGTGTGGGATAGTAGTAGTGACCTTTATGTCTTC,310,6,clonotype114,clonotype114_consensus_2
CTGAAGTAGGATGGTC-1,True,CTGAAGTAGGATGGTC-1_contig_2,True,570,IGH,IGHV4-30-2,IGHD3-22,IGHJ5,IGHM,True,True,CARGDDSSGYYRSGVSFDPW,TGTGCGAGAGGGGATGATAGTAGTGGTTATTATCGGTCGGGCGTGTCGTTCGACCCCTGG,336,5,clonotype114,clonotype114_consensus_1
CTGATAGAGTTGTAGA-1,True,CTGATAGAGTTGTAGA-1_contig_1,True,625,IGH,IGHV4-31,None,IGHJ3,IGHA1,True,True,CATYDSSGYQSLDAFDIW,TGTGCGACTTATGATAGTAGTGGCTATCAGAGCCTTGATGCTTTTGACATCTGG,84,2,clonotype115,clonotype115_consensus_2
CTGATAGAGTTGTAGA-1,True,CTGATAGAGTTGTAGA-1_contig_2,True,653,IGL,IGLV1-40,None,IGLJ3,IGLC2,True,True,CQSHDSVLSGSVF,TGCCAGTCCCATGACAGCGTCCTGAGTGGTTCGGTGTTC,543,9,clonotype115,clonotype115_consensus_1
CTGCGGATCACAAACC-1,True,CTGCGGATCACAAACC-1_contig_1,True,621,IGL,IGLV3-19,None,IGLJ2,IGLC2,True,True,CNSRDSSGNHLLF,TGTAACTCCCGGGACAGCAGTGGTAACCATCTACTGTTC,165,3,clonotype116,clonotype116_consensus_1
CTGCGGATCCTTTCGG-1,True,CTGCGGATCCTTTCGG-1_contig_1,True,553,IGK,IGKV3-15,None,IGKJ4,IGKC,True,True,CQQYASWPLTF,TGTCAGCAATATGCTAGCTGGCCTCTCACTTTC,418,3,clonotype117,clonotype117_consensus_1
GAACCTACACAAGACG-1,True,GAACCTACACAAGACG-1_contig_1,True,576,IGK,IGKV3-20,None,IGKJ3,IGKC,True,True,CQQYGSSPPFTF,TGTCAGCAGTATGGTAGCTCACCTCCATTCACTTTC,787,10,clonotype118,clonotype118_consensus_1
GAACGGAGTGTCCTCT-1,True,GAACGGAGTGTCCTCT-1_contig_1,True,557,IGK,IGKV3-20,None,IGKJ1,IGKC,True,True,CHQYGSSPRTF,TGTCACCAGTATGGTAGCTCACCTAGGACGTTC,70267,2503,clonotype119,clonotype119_consensus_2
GAACGGAGTGTCCTCT-1,True,GAACGGAGTGTCCTCT-1_contig_2,True,565,IGH,IGHV3-23,None,IGHJ4,IGHM,True,True,CGRSIGATGTTPRDYW,TGTGGTAGATCCATCGGTGCAACTGGAACGACGCCCCGGGATTATTGG,6129,291,clonotype119,clonotype119_consensus_1
GAACGGAGTGTCCTCT-1,True,GAACGGAGTGTCCTCT-1_contig_3,True,334,IGL,None,None,IGLJ1,IGLC1,False,False,None,None,295,9,clonotype119,None
GAATAAGAGAGCTTCT-1,True,GAATAAGAGAGCTTCT-1_contig_1,True,575,IGH,IGHV3-72,None,IGHJ2,IGHM,True,True,CARPMIDKKRYFDLW,TGTGCTAGACCTATGATAGACAAGAAGAGGTACTTCGATCTCTGG,776,10,clonotype120,clonotype120_consensus_2
GAATAAGAGAGCTTCT-1,True,GAATAAGAGAGCTTCT-1_contig_2,True,637,IGL,IGLV2-11,None,IGLJ1,IGLC1,True,True,CCSYAGSYTWVF,TGCTGCTCATATGCGGGCAGCTACACTTGGGTCTTC,1587,22,clonotype120,clonotype120_consensus_1
GAATGAAAGAAACGCC-1,True,GAATGAAAGAAACGCC-1_contig_1,True,622,IGL,IGLV3-27,None,IGLJ2,IGLC2,True,True,CYSAADNNLVF,TGTTACTCTGCGGCTGACAACAATCTGGTGTTC,416,6,clonotype121,clonotype121_consensus_1
GAATGAAAGAAACGCC-1,True,GAATGAAAGAAACGCC-1_contig_2,True,559,IGH,IGHV3-74,IGHD3-22,IGHJ4,IGHM,True,True,CTRSGDSSGYYPGDDW,TGTACAAGGAGCGGTGATAGTAGTGGTTATTACCCGGGGGACGACTGG,150,2,clonotype121,clonotype121_consensus_2
GACAGAGAGTTACGGG-1,True,GACAGAGAGTTACGGG-1_contig_1,True,633,IGL,IGLV3-21,None,IGLJ3,IGLC2,True,True,CQVWDSSSDHPVF,TGTCAGGTGTGGGATAGTAGTAGTGATCATCCGGTGTTC,63729,1005,clonotype18,clonotype18_consensus_2
GACAGAGAGTTACGGG-1,True,GACAGAGAGTTACGGG-1_contig_2,True,650,IGH,IGHV4-61,IGHD3-10,IGHJ5,IGHG1,True,True,CARGPYYYGSGSHNWFDPW,TGTGCGAGAGGTCCGTATTACTATGGTTCGGGGAGCCACAACTGGTTCGACCCCTGG,8550,106,clonotype18,clonotype18_consensus_1
GACAGAGAGTTACGGG-1,True,GACAGAGAGTTACGGG-1_contig_3,True,563,IGH,None,None,IGHJ6,IGHM,False,False,None,None,160,2,clonotype18,None
GACAGAGTCACTGGGC-1,True,GACAGAGTCACTGGGC-1_contig_1,True,542,IGH,IGHV3-74,None,IGHJ3,IGHM,True,True,CARDGRPCSGSTCYSQFL,TGTGCAAGAGACGGGAGGCCCTGTAGTGGTAGCACCTGCTACTCTCAGTTTTTG,131,2,clonotype122,clonotype122_consensus_1
GACAGAGTCACTGGGC-1,True,GACAGAGTCACTGGGC-1_contig_2,True,641,IGL,IGLV2-11,None,IGLJ3,IGLC2,True,True,CCSYAGSYTWVF,TGCTGCTCATATGCAGGCAGCTACACCTGGGTGTTC,630,10,clonotype122,clonotype122_consensus_2
GACAGAGTCACTGGGC-1,True,GACAGAGTCACTGGGC-1_contig_3,True,616,IGH,IGHV3-64D,None,IGHJ1,IGHM,True,False,None,None,244,2,clonotype122,None
GACCAATCAAACGCGA-1,True,GACCAATCAAACGCGA-1_contig_1,True,552,IGK,IGKV3-11,None,IGKJ4,IGKC,True,True,CQQRNNWPLTF,TGTCAGCAGCGTAACAACTGGCCGCTCACTTTC,386,3,clonotype123,clonotype123_consensus_1
GACCAATCAAACGCGA-1,True,GACCAATCAAACGCGA-1_contig_2,True,531,IGH,IGHV4-59,None,IGHJ4,IGHM,True,True,CARGWAAASGNYFDSW,TGTGCGAGAGGTTGGGCAGCAGCATCTGGCAATTACTTTGACTCCTGG,1381,14,clonotype123,clonotype123_consensus_2
GACCTGGAGGGCACTA-1,True,GACCTGGAGGGCACTA-1_contig_1,True,562,IGK,IGKV3-20,None,IGKJ4,IGKC,True,True,CQQYGSSITF,TGTCAGCAGTATGGTAGCTCAATCACTTTC,2188,26,clonotype124,clonotype124_consensus_2
GACCTGGAGGGCACTA-1,True,GACCTGGAGGGCACTA-1_contig_2,True,668,IGH,IGHV1-2,None,IGHJ5,IGHG1,True,True,CARVKPSYGSQGGFDPW,TGTGCGAGAGTGAAACCTTCTTATGGTTCGCAGGGCGGATTCGACCCCTGG,261,10,clonotype124,clonotype124_consensus_1
GACCTGGAGGGCACTA-1,True,GACCTGGAGGGCACTA-1_contig_3,True,482,IGH,IGHV4-39,None,IGHJ4,IGHM,True,False,CARQGVCCTQRPRTTLTT,TGTGCGAGACAAGGTGTATGCTGTACCCAGAGGCCCCGTACTACTTTGACTACT,128,2,clonotype124,None
GACTGCGAGCTGATAA-1,True,GACTGCGAGCTGATAA-1_contig_1,True,628,IGL,IGLV3-10,None,IGLJ3,IGLC2,True,True,CYSTDSSGNHWVF,TGTTACTCAACAGACAGCAGTGGTAACCATTGGGTGTTC,499,9,clonotype125,clonotype125_consensus_2
GACTGCGAGCTGATAA-1,True,GACTGCGAGCTGATAA-1_contig_2,True,498,IGH,IGHV3-15,None,IGHJ4,IGHM,True,True,CTTFGDW,TGTACCACTTTCGGGGACTGG,185,1,clonotype125,clonotype125_consensus_1
GAGTCCGAGATAGGAG-1,True,GAGTCCGAGATAGGAG-1_contig_1,True,546,IGK,IGKV3-20,None,IGKJ2,IGKC,True,True,CQQHGSSPNTF,TGTCAGCAGCATGGTAGCTCACCGAACACTTTT,134,2,clonotype126,clonotype126_consensus_1
GAGTCCGAGATAGGAG-1,True,GAGTCCGAGATAGGAG-1_contig_2,True,470,IGH,IGHV4-59,None,IGHJ3,None,True,True,CATGGGWTAVAGIRGAFDIW,TGTGCGACCGGAGGCGGATGGACAGCTGTGGCTGGTATACGGGGTGCTTTTGATATCTGG,32,3,clonotype126,clonotype126_consensus_2
GATGAAAAGATATACG-1,True,GATGAAAAGATATACG-1_contig_1,True,546,IGK,IGKV4-1,None,IGKJ1,IGKC,True,True,CQQYYSSPWTF,TGTCAGCAATATTATAGTTCTCCGTGGACGTTC,1211,11,clonotype19,clonotype19_consensus_1
GATGAAAAGATATACG-1,True,GATGAAAAGATATACG-1_contig_2,True,533,IGH,IGHV4-4,None,IGHJ4,IGHA2,True,False,CVVRAYGMEGAHW,TGTGTGGTACGTGCATACGGTATGGAAGGGGCCCACTGG,110,1,clonotype19,None
GATGCTACATAGTAAG-1,True,GATGCTACATAGTAAG-1_contig_1,True,595,IGH,IGHV4-31,None,IGHJ4,IGHA1,True,True,CALGTDVW,TGTGCCCTGGGAACAGACGTCTGG,447,4,clonotype127,clonotype127_consensus_4
GATGCTACATAGTAAG-1,True,GATGCTACATAGTAAG-1_contig_2,True,630,IGL,IGLV7-46,None,IGLJ3,IGLC2,True,True,CLLDYSGARVF,TGTTTGCTCGACTATAGTGGTGCTCGGGTGTTC,875,16,clonotype127,clonotype127_consensus_1
GATGCTACATAGTAAG-1,True,GATGCTACATAGTAAG-1_contig_3,True,635,IGL,IGLV1-51,None,IGLJ1,IGLC1,True,True,CSTWDTSLRSGLF,TGCTCAACATGGGATACCAGCCTGCGTAGCGGACTCTTC,573,8,clonotype127,clonotype127_consensus_2
GATGCTACATAGTAAG-1,True,GATGCTACATAGTAAG-1_contig_4,True,656,IGH,IGHV1-2,None,IGHJ4,IGHG2,True,True,CARVEGAPGVHW,TGTGCGAGAGTGGAGGGTGCGCCAGGAGTGCACTGG,355,9,clonotype127,clonotype127_consensus_3
GCACTCTCAAACAACA-1,True,GCACTCTCAAACAACA-1_contig_1,True,529,IGK,IGKV1-33,None,IGKJ3,IGKC,True,True,CQQYDNFSIFTF,TGTCAACAGTATGATAATTTCTCGATATTCACTTTC,44,1,clonotype128,clonotype128_consensus_2
GCACTCTCAAACAACA-1,True,GCACTCTCAAACAACA-1_contig_2,True,648,IGH,IGHV1-69D,None,IGHJ4,IGHA1,True,True,CATSLGVGSSNWPGRIGDW,TGTGCGACGTCCCTCGGAGTGGGGAGCAGCAACTGGCCGGGTAGGATCGGCGACTGG,458,6,clonotype128,clonotype128_consensus_1
GCACTCTCAGGAACGT-1,True,GCACTCTCAGGAACGT-1_contig_1,True,528,IGL,IGLV3-21,None,IGLJ1,IGLC1,True,True,CQVWDSRSDHYVF,TGTCAGGTGTGGGATAGTAGAAGTGATCATTATGTCTTC,34,2,clonotype5,clonotype5_consensus_1
GCACTCTCAGGAACGT-1,True,GCACTCTCAGGAACGT-1_contig_2,True,509,IGH,IGHV3-33,None,IGHJ2,None,True,True,CARSRAAGIYCSDLW,TGTGCGAGATCGCGCGCAGCTGGCATCTACTGTTCCGATCTCTGG,92,1,clonotype5,clonotype5_consensus_2
GCACTCTCATTTGCTT-1,True,GCACTCTCATTTGCTT-1_contig_1,True,640,IGL,IGLV2-8,None,IGLJ1,IGLC1,True,True,CSSYAGGNNLRVF,TGCAGCTCATATGCAGGCGGCAACAATTTGAGGGTCTTC,1702,21,clonotype129,clonotype129_consensus_1
GCATACAAGACTAAGT-1,True,GCATACAAGACTAAGT-1_contig_1,True,550,IGK,IGKV1-9,None,IGKJ4,IGKC,True,True,CLHLDSYPLTF,TGTCTACACCTTGATAGTTACCCTCTCACTTTC,1086,12,clonotype130,clonotype130_consensus_1
GCATGATTCCTAAGTG-1,True,GCATGATTCCTAAGTG-1_contig_1,True,567,IGK,IGKV2-18,None,IGKJ5,IGKC,True,True,CMQATQFPITF,TGCATGCAAGCTACACAGTTTCCTATCACCTTC,189,4,clonotype131,clonotype131_consensus_3
GCATGATTCCTAAGTG-1,True,GCATGATTCCTAAGTG-1_contig_2,True,657,IGH,IGHV3-23,None,IGHJ4,IGHA1,True,True,CAKSSDYIYTDYW,TGTGCGAAAAGCAGTGACTACATTTATACTGACTACTGG,676,6,clonotype131,clonotype131_consensus_2
GCATGATTCCTAAGTG-1,True,GCATGATTCCTAAGTG-1_contig_3,True,655,IGL,IGLV4-69,None,IGLJ3,IGLC2,True,True,CQTWGTDINWVF,TGTCAGACGTGGGGCACTGACATTAACTGGGTTTTC,437,7,clonotype131,clonotype131_consensus_1
GCATGTAGTCTCTTTA-1,True,GCATGTAGTCTCTTTA-1_contig_1,True,581,IGH,IGHV3-11,None,IGHJ6,IGHM,True,True,CAREEDSSGFPGYYGMDVW,TGTGCGAGAGAAGAGGATAGTAGTGGTTTCCCAGGTTACTACGGTATGGACGTCTGG,210,3,clonotype132,clonotype132_consensus_1
GCATGTAGTCTCTTTA-1,True,GCATGTAGTCTCTTTA-1_contig_2,True,325,IGL,IGLV1-47,None,IGLJ3,None,False,False,CSAWDDSLSGWVF,TGTTCAGCATGGGATGACAGCCTGAGTGGTTGGGTGTTC,32,1,clonotype132,None
GCGGGTTAGACAGAGA-1,True,GCGGGTTAGACAGAGA-1_contig_1,True,551,IGK,IGKV1-39,None,IGKJ5,IGKC,True,True,CQQTYSNPITF,TGTCAACAGACATATAGCAATCCGATCACCTTC,591,481,clonotype133,clonotype133_consensus_2
GCGGGTTAGACAGAGA-1,True,GCGGGTTAGACAGAGA-1_contig_2,True,673,IGH,IGHV3-21,None,IGHJ5,IGHA2,True,True,CAGERTRGGEWEQLPTWGWFDPW,TGTGCGGGAGAGCGCACCCGGGGGGGGGAGTGGGAGCAACTCCCCACCTGGGGCTGGTTCGACCCCTGG,225,193,clonotype133,clonotype133_consensus_1
GCTGGGTCACGGCGTT-1,True,GCTGGGTCACGGCGTT-1_contig_1,True,556,IGK,IGKV3-20,None,IGKJ2,IGKC,True,True,CQQYNNSPYTF,TGTCAGCAGTATAATAACTCACCGTACACTTTT,1224,13,clonotype134,clonotype134_consensus_1
GCTGGGTCACGGCGTT-1,True,GCTGGGTCACGGCGTT-1_contig_2,True,572,IGK,IGKV1D-39,None,IGKJ2,IGKC,True,False,None,None,3472,42,clonotype134,None
GGAACTTCAAGCGCTC-1,True,GGAACTTCAAGCGCTC-1_contig_1,True,551,IGK,IGKV1D-39,None,IGKJ1,IGKC,True,True,CQQTYTTPWTF,TGTCAACAGACTTACACTACCCCGTGGACGTTC,377,4,clonotype3,clonotype3_consensus_1
GGAACTTCAAGCGCTC-1,True,GGAACTTCAAGCGCTC-1_contig_2,True,635,IGH,IGHV1-8,None,IGHJ6,IGHG1,True,True,CARGRPSRISMVRGIMQYYYYGMDVW,TGTGCGAGAGGCCGCCCTTCCCGGATTAGTATGGTTCGGGGAATTATGCAGTACTACTACTACGGTATGGACGTCTGG,39,2,clonotype3,clonotype3_consensus_2
GGACGTCTCCTTGCCA-1,True,GGACGTCTCCTTGCCA-1_contig_1,True,560,IGK,IGKV2-28,None,IGKJ1,IGKC,True,True,CMQGLQTWTF,TGCATGCAGGGTCTGCAGACATGGACGTTC,2390,22,clonotype135,clonotype135_consensus_2
GGACGTCTCCTTGCCA-1,True,GGACGTCTCCTTGCCA-1_contig_2,True,577,IGH,IGHV3-23,None,IGHJ6,IGHM,True,True,CAKILSTTEHYWYGLDVW,TGTGCGAAAATATTGTCGACTACGGAACACTATTGGTACGGTTTGGACGTCTGG,834,9,clonotype135,clonotype135_consensus_1
GGCAATTGTGATGTGG-1,True,GGCAATTGTGATGTGG-1_contig_1,True,551,IGK,IGKV1-27,None,IGKJ4,IGKC,True,True,CQNYDSAPLTF,TGTCAAAACTATGACAGTGCCCCGCTCACCTTC,882,8,clonotype136,clonotype136_consensus_1
GGCGTGTAGCTCCTCT-1,True,GGCGTGTAGCTCCTCT-1_contig_1,True,545,IGH,IGHV5-51,None,IGHJ4,IGHM,True,True,CACLLMQPDYFDYW,TGTGCGTGCCTACTTATGCAGCCTGACTACTTTGACTACTGG,326,20,clonotype137,clonotype137_consensus_2
GGCGTGTAGCTCCTCT-1,True,GGCGTGTAGCTCCTCT-1_contig_2,True,569,IGK,IGKV4-1,None,IGKJ4,IGKC,True,True,CQQYYSSPLLTF,TGTCAGCAATATTATAGTAGTCCCTTGCTCACTTTC,208,11,clonotype137,clonotype137_consensus_1
GGCGTGTAGCTCCTCT-1,True,GGCGTGTAGCTCCTCT-1_contig_3,True,354,IGH,None,None,IGHJ3,IGHM,False,False,None,None,34,3,clonotype137,None
GGCGTGTCAGCCTGTG-1,True,GGCGTGTCAGCCTGTG-1_contig_1,True,562,IGK,IGKV1D-39,None,IGKJ2,IGKC,True,True,CQQTYSTLGNTF,TGTCAACAGACTTACAGTACCCTCGGGAACACTTTT,52617,2190,clonotype13,clonotype13_consensus_2
GGCGTGTCAGCCTGTG-1,True,GGCGTGTCAGCCTGTG-1_contig_2,True,552,IGH,IGHV1-3,None,IGHJ4,IGHM,True,True,CTRDRGNYDYVWGTYRSIFDYW,TGTACGAGAGACCGGGGAAATTATGATTATGTTTGGGGGACTTATCGTTCAATTTTTGACTATTGG,22312,996,clonotype13,clonotype13_consensus_1
GGCGTGTCAGCCTGTG-1,True,GGCGTGTCAGCCTGTG-1_contig_3,True,458,IGL,None,None,IGLJ1,IGLC1,False,False,None,None,910,31,clonotype13,None
GGCGTGTCAGCCTGTG-1,True,GGCGTGTCAGCCTGTG-1_contig_4,True,409,IGK,IGKV2D-29,None,IGKJ5,None,True,False,CMQSMQLPITF,TGTATGCAAAGTATGCAACTTCCGATCACCTTC,2,1,clonotype13,None
GGGACCTAGGCGACAT-1,True,GGGACCTAGGCGACAT-1_contig_1,True,633,IGL,IGLV3-21,None,IGLJ1,IGLC1,True,True,CHVWDSSSDHYVF,TGTCATGTGTGGGATAGTAGTAGTGATCATTATGTCTTC,6379,73,clonotype138,clonotype138_consensus_1
GGGACCTAGGCGACAT-1,True,GGGACCTAGGCGACAT-1_contig_2,True,691,IGH,IGHV3-23,None,IGHJ4,IGHG1,True,True,CAKDQEPYCSGDTCYDSLDYW,TGTGCGAAAGATCAGGAACCATATTGTAGTGGTGACACCTGCTACGACTCCCTTGACTACTGG,814,13,clonotype138,clonotype138_consensus_2
GGGAGATCAGCTATTG-1,True,GGGAGATCAGCTATTG-1_contig_1,True,539,IGK,IGKV1-5,None,IGKJ1,IGKC,True,True,CQQYSSYPWTF,TGCCAACAGTATAGTAGTTATCCGTGGACGTTC,158,1,clonotype139,clonotype139_consensus_2
GGGAGATCAGCTATTG-1,True,GGGAGATCAGCTATTG-1_contig_2,True,661,IGH,IGHV1-46,None,IGHJ4,IGHG1,True,True,CARVGARGIGPHDYW,TGTGCTAGAGTAGGGGCTCGGGGAATCGGTCCTCATGACTACTGG,234,3,clonotype139,clonotype139_consensus_1
GGGCACTAGCCAACAG-1,True,GGGCACTAGCCAACAG-1_contig_1,True,551,IGK,IGKV1-16,None,IGKJ4,IGKC,True,True,CQQYKSYPVTF,TGTCAACAGTATAAAAGTTATCCGGTCACTTTC,570,7,clonotype140,clonotype140_consensus_1
GGGCATCGTCCAGTGC-1,True,GGGCATCGTCCAGTGC-1_contig_1,True,633,IGL,IGLV3-21,None,IGLJ3,IGLC2,True,True,CQVWDSSSDHPVF,TGTCAGGTGTGGGATAGTAGTAGTGATCATCCGGTGTTC,59224,11273,clonotype18,clonotype18_consensus_2
GGGCATCGTCCAGTGC-1,True,GGGCATCGTCCAGTGC-1_contig_2,True,652,IGH,IGHV4-61,IGHD3-10,IGHJ5,IGHG1,True,True,CARGPYYYGSGSHNWFDPW,TGTGCGAGAGGTCCGTATTACTATGGTTCGGGGAGCCACAACTGGTTCGACCCCTGG,15701,2136,clonotype18,clonotype18_consensus_1
GGGCATCGTCCAGTGC-1,True,GGGCATCGTCCAGTGC-1_contig_3,True,356,IGK,IGKV2D-29,None,IGKJ5,IGKC,True,False,CMQSMQLPITF,TGTATGCAAAGTATGCAACTTCCGATCACCTTC,12,8,clonotype18,None
GGTGAAGAGTACGCGA-1,True,GGTGAAGAGTACGCGA-1_contig_1,True,563,IGK,IGKV2-28,None,IGKJ4,IGKC,True,True,CMQALQTPLTF,TGCATGCAAGCTCTACAAACTCCTCTCACTTTC,2258,21,clonotype141,clonotype141_consensus_1
GGTGAAGAGTACGCGA-1,True,GGTGAAGAGTACGCGA-1_contig_2,True,672,IGH,IGHV5-10-1,None,IGHJ3,IGHG1,True,True,CARSNYYDKSGPPGYGFDIW,TGTGCGAGATCGAATTACTATGATAAAAGTGGTCCACCGGGGTATGGTTTTGATATCTGG,485,8,clonotype141,clonotype141_consensus_2
GGTGAAGCATCAGTAC-1,True,GGTGAAGCATCAGTAC-1_contig_1,True,673,IGH,IGHV3-15,None,IGHJ5,IGHA1,True,True,CTTDILPLPTSMWSGCSW,TGTACGACAGACATTCTGCCACTACCAACTTCTATGTGGTCGGGATGCTCCTGG,893,10,clonotype142,clonotype142_consensus_2
GGTGAAGCATCAGTAC-1,True,GGTGAAGCATCAGTAC-1_contig_2,True,556,IGK,IGKV1-5,None,IGKJ4,IGKC,True,True,CQQYNNYSPGYSF,TGCCAACAATATAATAATTATTCTCCGGGGTATTCTTTC,2231,25,clonotype142,clonotype142_consensus_1
GTACGTAGTCAGTGGA-1,True,GTACGTAGTCAGTGGA-1_contig_1,True,564,IGK,IGKV2D-28,None,IGKJ3,IGKC,True,True,CVQTLQTFTF,TGCGTGCAAACTCTACAAACTTTCACTTTC,544,10,clonotype143,clonotype143_consensus_1
GTATCTTGTAAGAGAG-1,True,GTATCTTGTAAGAGAG-1_contig_1,True,656,IGL,IGLV1-40,None,IGLJ3,IGLC2,True,True,CQSYDRSLSGFWVF,TGCCAGTCCTATGACAGAAGCCTGAGTGGTTTTTGGGTGTTC,69970,14039,clonotype144,clonotype144_consensus_2
GTATCTTGTAAGAGAG-1,True,GTATCTTGTAAGAGAG-1_contig_2,True,630,IGH,IGHV4-61,None,IGHJ4,IGHA1,True,True,CARAETVAGGAFEFW,TGTGCGAGAGCTGAGACGGTGGCTGGTGGCGCCTTCGAGTTCTGG,3157,242,clonotype144,clonotype144_consensus_1
GTATCTTGTAAGAGAG-1,True,GTATCTTGTAAGAGAG-1_contig_3,True,407,IGK,IGKV1-33,None,IGKJ5,IGKC,True,False,CQQYDDLITF,TGCCAACAATATGATGACCTTATTACCTTC,2,2,clonotype144,None
GTATCTTGTAAGAGAG-1,True,GTATCTTGTAAGAGAG-1_contig_4,True,526,IGK,IGKV2D-29,None,IGKJ5,IGKC,True,False,CMQSMQLPITF,TGTATGCAAAGTATGCAACTTCCGATCACCTTC,12,8,clonotype144,None
GTCACAAAGTTCGATC-1,True,GTCACAAAGTTCGATC-1_contig_1,True,566,IGK,IGKV4-1,None,IGKJ2,IGKC,True,True,CQQYYSTPYTF,TGTCAGCAATATTATAGTACTCCGTACACTTTT,1140,16,clonotype145,clonotype145_consensus_2
GTCACAAAGTTCGATC-1,True,GTCACAAAGTTCGATC-1_contig_2,True,569,IGH,IGHV3-23,None,IGHJ5,IGHM,True,True,CAKGSVGSENYYTRNVGNWFDPW,TGTGCGAAGGGATCGGTCGGTTCGGAGAATTATTATACCCGCAACGTTGGCAACTGGTTCGACCCCTGG,61,1,clonotype145,clonotype145_consensus_1
GTCACAATCGCCATAA-1,True,GTCACAATCGCCATAA-1_contig_1,True,564,IGK,IGKV4-1,None,IGKJ4,IGKC,True,True,CQQYYSNPLTF,TGTCAGCAATATTATAGTAATCCGCTCACTTTC,619,7,clonotype146,clonotype146_consensus_1
GTCATTTGTAGCGCAA-1,True,GTCATTTGTAGCGCAA-1_contig_1,True,550,IGK,IGKV1D-39,None,IGKJ1,IGKC,True,True,CQQTYTTPWTF,TGTCAACAGACTTACACTACCCCGTGGACGTTC,294,2,clonotype3,clonotype3_consensus_1
GTCATTTGTAGCGCAA-1,True,GTCATTTGTAGCGCAA-1_contig_2,True,693,IGH,IGHV1-8,None,IGHJ6,IGHG1,True,True,CARGRPSRISMVRGIMQYYYYGMDVW,TGTGCGAGAGGCCGCCCTTCCCGGATTAGTATGGTTCGGGGAATTATGCAGTACTACTACTACGGTATGGACGTCTGG,246,4,clonotype3,clonotype3_consensus_2
GTCATTTGTTCCAACA-1,True,GTCATTTGTTCCAACA-1_contig_1,True,630,IGL,IGLV3-21,None,IGLJ3,IGLC2,True,True,CQVWDSSSDHWVF,TGTCAGGTGTGGGATAGCAGTAGTGATCATTGGGTGTTC,175,3,clonotype147,clonotype147_consensus_1
GTCCTCAGTCTGGTCG-1,True,GTCCTCAGTCTGGTCG-1_contig_1,True,558,IGK,IGKV1D-39,None,IGKJ2,IGKC,True,True,CQQSYSPLPFTF,TGTCAACAGAGTTACAGTCCCCTCCCGTTCACTTTT,610,63,clonotype148,clonotype148_consensus_2
GTCCTCAGTCTGGTCG-1,True,GTCCTCAGTCTGGTCG-1_contig_2,True,663,IGH,IGHV3-7,None,IGHJ4,IGHA1,True,True,CARGGAVATILSYFDAW,TGTGCGAGAGGGGGGGCCGTGGCTACGATTTTAAGCTACTTTGACGCCTGG,285,20,clonotype148,clonotype148_consensus_1
GTCGTAATCATCATTC-1,True,GTCGTAATCATCATTC-1_contig_1,True,630,IGL,IGLV7-43,None,IGLJ3,IGLC2,True,True,CLLFYGGAQVF,TGCCTGCTCTTCTATGGTGGTGCTCAAGTGTTC,1085,16,clonotype149,clonotype149_consensus_1
GTCGTAATCATCATTC-1,True,GTCGTAATCATCATTC-1_contig_2,True,597,IGH,IGHV3-74,None,IGHJ4,IGHG2,True,True,CERETCSGGRCHNHDYW,TGTGAAAGAGAGACTTGTAGTGGTGGTAGGTGCCACAATCATGACTACTGG,80,1,clonotype149,clonotype149_consensus_2
GTCGTAATCTTCGGTC-1,True,GTCGTAATCTTCGGTC-1_contig_1,True,553,IGK,IGKV1D-39,None,IGKJ5,IGKC,True,True,CQQSYSARPITF,TGTCAACAGAGTTACAGTGCCCGCCCGATCACCTTC,654,7,clonotype150,clonotype150_consensus_1
GTCGTAATCTTCGGTC-1,True,GTCGTAATCTTCGGTC-1_contig_2,True,641,IGH,IGHV1-24,None,IGHJ4,IGHA1,True,True,CATDLPGWAAAATGYW,TGCGCAACAGATCTCCCCGGGTGGGCAGCAGCTGCCACGGGCTACTGG,767,8,clonotype150,clonotype150_consensus_2
GTCTTCGGTTTGGGCC-1,True,GTCTTCGGTTTGGGCC-1_contig_1,True,562,IGK,IGKV3-11,None,IGKJ2,IGKC,True,True,CQQCSNWPPTF,TGTCAGCAGTGTAGCAACTGGCCTCCAACTTTT,1614,17,clonotype151,clonotype151_consensus_1
GTGAAGGCAGCCTTTC-1,True,GTGAAGGCAGCCTTTC-1_contig_1,True,557,IGK,IGKV3-20,None,IGKJ2,IGKC,True,True,CQQHGSSPNTF,TGTCAGCAGCATGGTAGCTCACCGAACACTTTT,623,6,clonotype152,clonotype152_consensus_1
GTGAAGGGTGAAGGCT-1,True,GTGAAGGGTGAAGGCT-1_contig_1,True,554,IGK,IGKV3-20,None,IGKJ2,IGKC,True,True,CQQSGSSPNTF,TGTCAGCAGTCTGGTAGCTCACCGAACACTTTT,474,3,clonotype153,clonotype153_consensus_1
GTGCATACACGGTTTA-1,True,GTGCATACACGGTTTA-1_contig_1,True,628,IGL,IGLV3-10,None,IGLJ3,IGLC2,True,True,CYSADSRGDQWVF,TGTTACTCAGCAGACAGCAGAGGTGACCAGTGGGTGTTC,262,5,clonotype7,clonotype7_consensus_1
GTGCATAGTCATCGGC-1,True,GTGCATAGTCATCGGC-1_contig_1,True,640,IGL,IGLV2-8,None,IGLJ2,IGLC2,True,True,CSSNAGNNNLVF,TGCTCCTCAAATGCAGGCAACAACAATTTGGTCTTC,417,6,clonotype154,clonotype154_consensus_1
GTGCGGTAGCGTGAGT-1,True,GTGCGGTAGCGTGAGT-1_contig_1,True,627,IGH,IGHV1-2,None,IGHJ4,IGHA1,True,True,CVFFVLRRAPVW,TGTGTCTTCTTTGTTCTAAGGCGGGCGCCTGTTTGG,912,8,clonotype155,clonotype155_consensus_1
GTGCGGTAGCGTGAGT-1,True,GTGCGGTAGCGTGAGT-1_contig_2,True,642,IGL,IGLV5-37,None,IGLJ3,IGLC2,True,True,CMLWPNNAWMF,TGCATGCTTTGGCCAAACAATGCTTGGATGTTC,675,10,clonotype155,clonotype155_consensus_2
GTTCGGGTCTGTACGA-1,True,GTTCGGGTCTGTACGA-1_contig_1,True,548,IGK,IGKV4-1,None,IGKJ1,IGKC,True,True,CQQYYSSPWTF,TGTCAGCAATATTATAGTTCTCCGTGGACGTTC,296,3,clonotype19,clonotype19_consensus_1
TACAGTGCATGGTAGG-1,True,TACAGTGCATGGTAGG-1_contig_1,True,548,IGK,IGKV1-5,None,IGKJ4,IGKC,True,True,CQQYNSDSSF,TGCCAACAGTATAATAGTGATTCTTCTTTC,1493,20,clonotype156,clonotype156_consensus_1
TACAGTGCATGGTAGG-1,True,TACAGTGCATGGTAGG-1_contig_2,True,646,IGH,IGHV1-46,None,IGHJ4,IGHA2,True,True,CGRDHWRSADSRYPLDYW,TGTGGTAGAGATCATTGGCGAAGCGCTGACTCACGGTACCCCCTTGACTACTGG,200,3,clonotype156,clonotype156_consensus_2
TACAGTGCATGGTAGG-1,True,TACAGTGCATGGTAGG-1_contig_3,True,649,IGL,IGLV3-10,None,IGLJ1,IGLC1,True,False,None,None,394,6,clonotype156,None
TACCTATGTGACGGTA-1,True,TACCTATGTGACGGTA-1_contig_1,True,566,IGK,IGKV4-1,None,IGKJ1,IGKC,True,True,CQQYYSTPWTF,TGTCAGCAATATTATAGTACTCCGTGGACGTTC,2119,23,clonotype157,clonotype157_consensus_1
TACCTATGTGACGGTA-1,True,TACCTATGTGACGGTA-1_contig_2,True,663,IGH,IGHV3-7,None,IGHJ4,IGHG2,True,True,CVRDYPWPVGEGPYW,TGTGTGAGAGATTACCCTTGGCCAGTCGGCGAGGGGCCATACTGG,138,1,clonotype157,clonotype157_consensus_2
TACCTATGTGACGGTA-1,True,TACCTATGTGACGGTA-1_contig_3,True,552,IGK,IGKV1-17,None,IGKJ3,IGKC,True,False,None,None,856,9,clonotype157,None
TACCTTAGTAGCTAAA-1,True,TACCTTAGTAGCTAAA-1_contig_1,True,554,IGK,IGKV3-20,None,IGKJ2,IGKC,True,True,CQQYGSSPNTF,TGTCAGCAGTATGGTAGCTCACCGAACACTTTT,261,4,clonotype158,clonotype158_consensus_1
TACTCGCGTTCAGCGC-1,True,TACTCGCGTTCAGCGC-1_contig_1,True,627,IGL,IGLV4-69,None,IGLJ2,IGLC2,True,True,CQTWGTGILVF,TGTCAGACCTGGGGCACTGGGATTCTGGTTTTC,2492,29,clonotype159,clonotype159_consensus_1
TACTCGCGTTCAGCGC-1,True,TACTCGCGTTCAGCGC-1_contig_2,True,643,IGH,IGHV3-33,None,IGHJ5,IGHA1,True,True,CARDLEIDPW,TGTGCGCGAGATTTGGAAATCGACCCCTGG,1533,13,clonotype159,clonotype159_consensus_2
TACTCGCTCCAGGGCT-1,True,TACTCGCTCCAGGGCT-1_contig_1,True,628,IGL,IGLV3-10,None,IGLJ3,IGLC2,True,True,CYSTDSIGNLRVF,TGTTACTCAACAGACAGTATTGGTAATCTTAGGGTGTTC,218,3,clonotype160,clonotype160_consensus_1
TACTTACCACGAGAGT-1,True,TACTTACCACGAGAGT-1_contig_1,True,657,IGH,IGHV5-10-1,None,IGHJ4,IGHG1,True,True,CARPAGYSTDPFDYW,TGTGCGAGACCCGCCGGATATAGCACCGACCCCTTTGACTACTGG,187,4,clonotype161,clonotype161_consensus_2
TACTTACCACGAGAGT-1,True,TACTTACCACGAGAGT-1_contig_2,True,634,IGL,IGLV2-14,None,IGLJ2,IGLC2,True,True,CSSYTSNTAVF,TGCAGCTCATATACAAGCAACACCGCAGTCTTC,979,12,clonotype161,clonotype161_consensus_1
TAGACCACAATAACGA-1,True,TAGACCACAATAACGA-1_contig_1,True,625,IGH,IGHV4-61,None,IGHJ5,IGHA2,True,True,CARGWGYFGSGSYWFDPW,TGTGCCAGAGGTTGGGGTTATTTTGGTTCGGGGAGTTACTGGTTCGACCCCTGG,1442,10,clonotype162,clonotype162_consensus_1
TAGACCACAATAACGA-1,True,TAGACCACAATAACGA-1_contig_2,True,551,IGK,IGKV1-39,None,IGKJ3,IGKC,True,True,CQQTYSSVLTF,TGTCAACAAACTTACAGTAGTGTGCTCACTTTC,426,6,clonotype162,clonotype162_consensus_2
TAGTTGGGTCATGCCG-1,True,TAGTTGGGTCATGCCG-1_contig_1,True,613,IGL,IGLV3-10,None,IGLJ3,IGLC2,True,True,CYSTDSSGNHWVF,TGTTACTCAACAGACAGCAGTGGTAATCATTGGGTGTTC,133,2,clonotype163,clonotype163_consensus_1
TAGTTGGGTCATGCCG-1,True,TAGTTGGGTCATGCCG-1_contig_2,True,622,IGH,IGHV3-74,None,IGHJ4,IGHA1,True,True,CARGDYW,TGTGCAAGAGGGGACTACTGG,202,2,clonotype163,clonotype163_consensus_2
TCAACGAAGGGTGTGT-1,True,TCAACGAAGGGTGTGT-1_contig_1,True,576,IGK,IGKV3-20,None,IGKJ4,IGKC,True,True,CQHYGGSPGLTF,TGTCAGCACTATGGTGGCTCACCTGGGCTTACTTTC,1794,14,clonotype164,clonotype164_consensus_2
TCAACGAAGGGTGTGT-1,True,TCAACGAAGGGTGTGT-1_contig_2,True,651,IGH,IGHV3-21,None,IGHJ4,IGHG1,True,True,CARAPLASPPYGDFPLDYW,TGTGCGAGAGCCCCGCTGGCCTCCCCTCCCTACGGTGATTTTCCCCTTGACTATTGG,140,3,clonotype164,clonotype164_consensus_1
TCAACGACACGAAAGC-1,True,TCAACGACACGAAAGC-1_contig_1,True,565,IGK,IGKV3-15,None,IGKJ4,IGKC,True,True,CQQYNNWPPLTF,TGTCAGCAGTATAATAACTGGCCTCCGCTCACTTTC,549,4,clonotype17,clonotype17_consensus_1
TCAACGATCGCGCCAA-1,True,TCAACGATCGCGCCAA-1_contig_1,True,544,IGH,IGHV3-15,None,IGHJ4,IGHM,True,True,CTTPAHGNMIFYNW,TGTACCACACCGGCCCATGGAAATATGATATTTTACAACTGG,101,2,clonotype165,clonotype165_consensus_1
TCAACGATCGCGCCAA-1,True,TCAACGATCGCGCCAA-1_contig_2,True,566,IGK,IGKV4-1,None,IGKJ4,IGKC,True,True,CQQYYSNPLTF,TGTCAGCAATATTATAGTAATCCGCTCACTTTC,539,9,clonotype165,clonotype165_consensus_2
TCAGATGCAGTAAGAT-1,True,TCAGATGCAGTAAGAT-1_contig_1,True,565,IGK,IGKV3-20,None,IGKJ2,IGKC,True,True,CQQYGYSPPYTF,TGTCAGCAGTATGGTTATTCACCTCCGTACACTTTT,4160,40,clonotype166,clonotype166_consensus_1
TCAGATGCAGTAAGAT-1,True,TCAGATGCAGTAAGAT-1_contig_2,True,550,IGH,IGHV4-39,None,IGHJ6,IGHM,True,True,CARGRLEDTTFRRFYYGLDVW,TGTGCGAGAGGACGACTGGAAGATACTACATTTCGTCGTTTCTATTACGGTTTGGACGTCTGG,987,13,clonotype166,clonotype166_consensus_2
TCAGATGTCCACTGGG-1,True,TCAGATGTCCACTGGG-1_contig_1,True,648,IGL,IGLV1-47,None,IGLJ3,IGLC2,True,True,CATWDDRLSGPWVF,TGTGCAACATGGGATGACAGGCTGAGTGGTCCCTGGGTGTTC,572,10,clonotype167,clonotype167_consensus_1
TCAGATGTCCACTGGG-1,True,TCAGATGTCCACTGGG-1_contig_2,True,488,IGH,IGHV4-31,None,IGHJ6,None,True,False,CAREGGDIVVVPSGYPDYYHGLDVW,TGTGCGAGAGAGGGGGGAGATATTGTAGTAGTACCGAGTGGTTATCCGGACTACTACCACGGCTTGGACGTCTGG,69,1,clonotype167,None
TCAGATGTCCACTGGG-1,True,TCAGATGTCCACTGGG-1_contig_3,True,781,IGL,IGLV3-10,None,IGLJ3,IGLC2,True,False,CYSTDNSVNPWVF,TGTTACTCAACAGACAACAGTGTTAATCCCTGGGTTTTC,143,2,clonotype167,None
TCAGCAAAGATGTTAG-1,True,TCAGCAAAGATGTTAG-1_contig_1,True,567,IGK,IGKV3D-15,None,IGKJ1,IGKC,True,True,CQQYNNWPRTF,TGTCAGCAGTATAATAACTGGCCTCGGACGTTC,5184,46,clonotype168,clonotype168_consensus_2
TCAGCAAAGATGTTAG-1,True,TCAGCAAAGATGTTAG-1_contig_2,True,671,IGH,IGHV4-34,IGHD3-10,IGHJ6,IGHG1,True,True,CARGMFRYGSGSYYPSPRNYYYGLDVW,TGTGCGAGAGGCATGTTCAGATATGGTTCGGGGAGTTACTATCCTTCCCCTCGCAACTACTACTACGGTTTGGACGTCTGG,112,10,clonotype168,clonotype168_consensus_1
TCAGGATGTTCACCTC-1,True,TCAGGATGTTCACCTC-1_contig_1,True,665,IGL,IGLV1-40,None,IGLJ3,IGLC2,True,True,CQSYDSSLSGWVF,TGCCAGTCGTATGACAGCAGCCTGAGTGGTTGGGTGTTC,419,5,clonotype169,clonotype169_consensus_1
TCAGGATGTTCACCTC-1,True,TCAGGATGTTCACCTC-1_contig_2,True,380,IGH,None,None,IGHJ3,IGHD,False,False,None,None,168,1,clonotype169,None
TCGAGGCAGTCGAGTG-1,True,TCGAGGCAGTCGAGTG-1_contig_1,True,669,IGH,IGHV3-48,None,IGHJ4,IGHG1,True,True,CAREDASSGCSDYW,TGTGCGAGAGAGGACGCTAGCAGTGGCTGTTCTGACTACTGG,242,3,clonotype170,clonotype170_consensus_1
TCGAGGCAGTCGAGTG-1,True,TCGAGGCAGTCGAGTG-1_contig_2,True,553,IGK,IGKV1D-39,None,IGKJ4,IGKC,True,True,CQQSYSTPLTF,TGTCAACAGAGTTACAGTACCCCCCTCACTTTC,1316,12,clonotype170,clonotype170_consensus_2
TCGAGGCAGTCGAGTG-1,True,TCGAGGCAGTCGAGTG-1_contig_3,True,345,IGK,IGKV2D-30,None,None,IGKC,False,False,None,None,936,7,clonotype170,None
TCGCGAGCACCGATAT-1,True,TCGCGAGCACCGATAT-1_contig_1,True,554,IGK,IGKV3-20,None,IGKJ5,IGKC,True,True,CQQYVRSPISF,TGTCAGCAGTATGTTAGGTCACCCATCAGCTTC,677,9,clonotype171,clonotype171_consensus_2
TCGCGAGCACCGATAT-1,True,TCGCGAGCACCGATAT-1_contig_2,True,630,IGH,IGHV1-69D,None,IGHJ5,IGHA1,True,True,CARGDVLDPLDPW,TGTGCGAGAGGCGACGTTCTTGATCCCCTCGACCCCTGG,231,2,clonotype171,clonotype171_consensus_1
TCGGGACGTCTCCATC-1,True,TCGGGACGTCTCCATC-1_contig_1,True,546,IGK,IGKV1-5,None,IGKJ1,IGKC,True,True,CQHYNNYSGAF,TGCCAACACTATAATAATTATTCGGGGGCGTTT,252,2,clonotype172,clonotype172_consensus_1
TCGGGACGTCTCCATC-1,True,TCGGGACGTCTCCATC-1_contig_2,True,525,IGH,IGHV1-69,None,IGHJ4,IGHG1,True,True,CATGETSRPGLLDEALAYW,TGTGCGACAGGAGAAACATCTCGTCCGGGTCTGCTGGATGAGGCGTTGGCCTATTGG,78,1,clonotype172,clonotype172_consensus_2
TCGGTAAAGGCGACAT-1,True,TCGGTAAAGGCGACAT-1_contig_1,True,548,IGH,IGHV5-51,None,IGHJ3,IGHM,True,True,CARHQTTVVTAFDLW,TGTGCGAGACATCAGACTACGGTGGTGACTGCTTTTGATCTCTGG,4839,55,clonotype173,clonotype173_consensus_2
TCGGTAAAGGCGACAT-1,True,TCGGTAAAGGCGACAT-1_contig_2,True,644,IGL,IGLV2-14,None,IGLJ2,IGLC2,True,True,CSSYTSSNTLVF,TGCAGCTCATATACAAGCAGCAACACTCTAGTGTTC,8519,120,clonotype173,clonotype173_consensus_1
TCGTACCGTGGCAAAC-1,True,TCGTACCGTGGCAAAC-1_contig_1,True,636,IGH,IGHV1-46,None,IGHJ3,IGHA2,True,True,CVRERDNSGKAFDFW,TGTGTTAGAGAACGAGACAACAGTGGAAAAGCTTTTGATTTCTGG,595,8,clonotype9,clonotype9_consensus_2
TCGTACCGTGGCAAAC-1,True,TCGTACCGTGGCAAAC-1_contig_2,True,641,IGL,IGLV2-14,None,IGLJ1,IGLC1,True,True,CCSFTSSSTYVF,TGTTGCTCATTTACAAGCAGCAGCACTTATGTCTTC,798,11,clonotype9,clonotype9_consensus_1
TCTATTGCATTTGCCC-1,True,TCTATTGCATTTGCCC-1_contig_1,True,655,IGH,IGHV1-46,None,IGHJ4,IGHG1,True,True,CARDQGIRYGPDYW,TGTGCTAGAGATCAAGGTATAAGATATGGCCCTGATTACTGG,3455,40,clonotype2,clonotype2_consensus_2
TCTATTGCATTTGCCC-1,True,TCTATTGCATTTGCCC-1_contig_2,True,628,IGL,IGLV3-10,None,IGLJ3,IGLC2,True,True,CYSTDSSGVNRVF,TGTTACTCAACAGACAGCAGTGGTGTTAATAGGGTGTTC,10165,148,clonotype2,clonotype2_consensus_1
TCTATTGGTCCGCTGA-1,True,TCTATTGGTCCGCTGA-1_contig_1,True,630,IGH,IGHV1-45,None,IGHJ4,IGHA2,True,True,CATTVLDGDITSPLDYW,TGCGCAACTACTGTCTTGGATGGGGACATCACTTCGCCCCTTGACTACTGG,1071,10,clonotype174,clonotype174_consensus_1
TCTATTGGTCCGCTGA-1,True,TCTATTGGTCCGCTGA-1_contig_2,True,742,Multi,IGLV2-11,None,IGKJ4,IGLC2,False,False,CCSYSDSDTLIF,TGCTGCTCATATTCAGACAGTGACACTCTCATCTTC,1137,14,clonotype174,None
TGACGGCGTAGCGCAA-1,True,TGACGGCGTAGCGCAA-1_contig_1,True,554,IGK,IGKV1D-39,None,IGKJ1,IGKC,True,True,CQQTYTTPWTF,TGTCAACAGACTTACACTACCCCGTGGACGTTC,66259,2602,clonotype3,clonotype3_consensus_1
TGACGGCGTAGCGCAA-1,True,TGACGGCGTAGCGCAA-1_contig_2,True,696,IGH,IGHV1-8,None,IGHJ6,IGHG1,True,True,CARGRPSRISMVRGIMQYYYYGMDVW,TGTGCGAGAGGCCGCCCTTCCCGGATTAGTATGGTTCGGGGAATTATGCAGTACTACTACTACGGTATGGACGTCTGG,7875,279,clonotype3,clonotype3_consensus_2
TGAGGGAGTAGCGTGA-1,True,TGAGGGAGTAGCGTGA-1_contig_1,True,624,IGL,IGLV3-1,None,IGLJ2,IGLC2,True,True,CQAWDSSFVVF,TGTCAGGCGTGGGACAGTAGTTTTGTGGTGTTC,560,8,clonotype20,clonotype20_consensus_1
TGAGGGAGTAGCGTGA-1,True,TGAGGGAGTAGCGTGA-1_contig_2,True,681,IGH,IGHV1-69D,None,IGHJ6,IGHA1,True,False,None,None,1063,7,clonotype20,None
TGCCCATAGGCAAAGA-1,True,TGCCCATAGGCAAAGA-1_contig_1,True,642,IGH,IGHV1-46,None,IGHJ6,IGHA1,True,True,CARVLSSTSTDSGLDVW,TGTGCTAGGGTTTTAAGCAGTACCTCCACCGACTCTGGCTTGGACGTCTGG,135,1,clonotype175,clonotype175_consensus_2
TGCCCATAGGCAAAGA-1,True,TGCCCATAGGCAAAGA-1_contig_2,True,636,IGL,IGLV3-25,None,IGLJ2,IGLC2,True,True,CQSTDSSSSSVVF,TGTCAATCAACAGACAGCAGTAGTAGTTCTGTAGTCTTC,164,4,clonotype175,clonotype175_consensus_1
TGCGCAGAGTGGTCCC-1,True,TGCGCAGAGTGGTCCC-1_contig_1,True,687,IGH,IGHV5-10-1,IGHD6-13,IGHJ6,IGHG1,True,True,CASPGIAAAGTLPFRGYYYYGMDVW,TGTGCGAGCCCGGGTATAGCAGCAGCTGGTACCCTGCCGTTTCGGGGCTACTACTACTACGGTATGGACGTCTGG,556,11,clonotype176,clonotype176_consensus_2
TGCGCAGAGTGGTCCC-1,True,TGCGCAGAGTGGTCCC-1_contig_2,True,652,IGL,IGLV9-49,None,IGLJ3,IGLC2,True,True,CGADHGSGSNFLWVF,TGTGGGGCAGACCATGGCAGTGGGAGCAACTTCCTTTGGGTGTTC,251,6,clonotype176,clonotype176_consensus_1
TGCGGGTCAAGCTGGA-1,True,TGCGGGTCAAGCTGGA-1_contig_1,True,543,IGK,IGKV3-20,None,IGKJ1,IGKC,True,True,CQQYGRLPRTF,TGTCAACAATATGGTAGGTTACCTCGGACGTTC,139,3,clonotype177,clonotype177_consensus_1
TGCGGGTCAAGCTGGA-1,True,TGCGGGTCAAGCTGGA-1_contig_2,True,605,IGH,IGHV4-39,None,IGHJ6,IGHA1,True,True,CAMTAVVATDGVDVW,TGTGCCATGACTGCGGTGGTAGCTACAGACGGCGTGGACGTCTGG,124,1,clonotype177,clonotype177_consensus_2
TGCGTGGTCTGTGCAA-1,True,TGCGTGGTCTGTGCAA-1_contig_1,True,667,IGH,IGHV3-33,None,IGHJ2,IGHG1,True,True,CARGLVDSGGYFDLW,TGTGCGAGAGGGCTTGTTGATTCGGGGGGATACTTCGATCTCTGG,385,6,clonotype178,clonotype178_consensus_2
TGCGTGGTCTGTGCAA-1,True,TGCGTGGTCTGTGCAA-1_contig_2,True,566,IGK,IGKV4-1,None,IGKJ2,IGKC,True,True,CQEYFSRQYTF,TGCCAGGAATATTTTAGTCGTCAGTACACCTTT,968,8,clonotype178,clonotype178_consensus_1
TGCTACCGTACTTAGC-1,True,TGCTACCGTACTTAGC-1_contig_1,True,555,IGK,IGKV1-27,None,IGKJ1,IGKC,True,True,CQKYNSAPWTF,TGTCAAAAGTATAACAGTGCCCCGTGGACGTTC,69417,9140,clonotype179,clonotype179_consensus_2
TGCTACCGTACTTAGC-1,True,TGCTACCGTACTTAGC-1_contig_2,True,583,IGH,IGHV3-23,None,IGHJ4,IGHM,True,True,CAKMGEDMAVTGPGNYFDYW,TGTGCGAAAATGGGGGAAGATATGGCAGTGACTGGTCCGGGGAACTACTTTGACTACTGG,5573,605,clonotype179,clonotype179_consensus_1
TGCTACCGTGCCTGCA-1,True,TGCTACCGTGCCTGCA-1_contig_1,True,563,IGK,IGKV2-24,None,IGKJ1,IGKC,True,True,CMQGREFPRTF,TGCATGCAAGGTAGAGAATTTCCTAGGACGTTC,802,7,clonotype180,clonotype180_consensus_2
TGCTACCGTGCCTGCA-1,True,TGCTACCGTGCCTGCA-1_contig_2,True,682,IGH,IGHV3-23,IGHD2-15,IGHJ4,IGHG2,True,True,CVKDFGQCSGGRCYSVVLDYW,TGTGTGAAAGATTTCGGCCAGTGTAGTGGTGGTAGGTGCTACTCAGTGGTTCTTGACTACTGG,134,2,clonotype180,clonotype180_consensus_1
TGCTACCGTGCCTGCA-1,True,TGCTACCGTGCCTGCA-1_contig_3,True,488,IGH,IGHV1-45,None,None,IGHA1,False,False,None,None,90,1,clonotype180,None
TGGACGCCAGACAAAT-1,True,TGGACGCCAGACAAAT-1_contig_1,True,562,IGK,IGKV2D-28,None,IGKJ1,IGKC,True,True,CMQGLQTWTF,TGCATGCAGGGTCTGCAGACATGGACGTTC,392,3,clonotype181,clonotype181_consensus_1
TGGCCAGTCTACTCAT-1,True,TGGCCAGTCTACTCAT-1_contig_1,True,559,IGK,IGKV3-15,None,IGKJ4,IGKC,True,True,CQQYNNWPSF,TGTCAGCAGTATAATAACTGGCCTTCTTTC,1075,12,clonotype182,clonotype182_consensus_1
TGGCGCATCGGAGGTA-1,True,TGGCGCATCGGAGGTA-1_contig_1,True,642,IGL,IGLV5-45,None,IGLJ3,IGLC2,True,True,CMIWYSSAWVF,TGTATGATTTGGTACAGTAGCGCTTGGGTGTTC,298,5,clonotype183,clonotype183_consensus_1
TGGCGCATCGGAGGTA-1,True,TGGCGCATCGGAGGTA-1_contig_2,True,616,IGL,IGLV5-45,None,IGLJ2,IGLC2,True,False,None,None,566,10,clonotype183,None
TGGCGCATCGGAGGTA-1,True,TGGCGCATCGGAGGTA-1_contig_3,True,522,IGH,IGHV6-1,None,IGHJ4,IGHM,True,False,None,None,248,4,clonotype183,None
TGGGAAGAGAAGGCCT-1,True,TGGGAAGAGAAGGCCT-1_contig_1,True,637,IGL,IGLV2-8,None,IGLJ3,IGLC2,True,True,CNSYSGSDNLVF,TGCAACTCATATTCAGGCAGCGACAATTTGGTGTTC,545,10,clonotype12,clonotype12_consensus_1
TGGGCGTAGATTACCC-1,True,TGGGCGTAGATTACCC-1_contig_1,True,650,IGL,IGLV1-40,None,IGLJ2,IGLC2,True,True,CQSYDSSLGVVF,TGCCAGTCCTATGACAGTAGTCTGGGGGTGGTATTC,1364,19,clonotype184,clonotype184_consensus_1
TGGGCGTAGATTACCC-1,True,TGGGCGTAGATTACCC-1_contig_2,True,661,IGH,IGHV3-33,None,IGHJ4,IGHA1,True,False,CARDPPMIKATGLNYLYWSGSYTDIAYW,TGTGCGAGAGACCCGCCAATGATTAAGGCCACCGGACTGAATTACCTTTATTGGAGTGGTTCTTATACCGACATTGCCTACTGG,255,5,clonotype184,None
TGTCCCACACTCAGGC-1,True,TGTCCCACACTCAGGC-1_contig_1,True,665,IGL,IGLV3-12,None,IGLJ3,IGLC2,True,True,CQVWDSWVF,TGTCAGGTGTGGGACAGTTGGGTGTTC,744,11,clonotype185,clonotype185_consensus_1
TGTCCCACACTCAGGC-1,True,TGTCCCACACTCAGGC-1_contig_2,True,656,IGL,IGLV1-40,None,IGLJ3,IGLC2,True,True,CQSYDSSLSGSRVF,TGCCAGTCCTATGACAGCAGCCTGAGTGGTTCGAGGGTGTTC,2241,37,clonotype185,clonotype185_consensus_2
TGTCCCACACTCAGGC-1,True,TGTCCCACACTCAGGC-1_contig_3,True,628,IGH,IGHV4-59,None,IGHJ4,IGHG1,True,True,CVGSGNYYYFDHW,TGTGTGGGCAGTGGAAACTACTATTACTTTGACCACTGG,434,8,clonotype185,clonotype185_consensus_3
TGTGTTTAGACAAAGG-1,True,TGTGTTTAGACAAAGG-1_contig_1,True,562,IGK,IGKV3-11,None,IGKJ5,IGKC,True,True,CQQRSNWPLTF,TGTCAACAGCGTAGCAACTGGCCCCTCACCTTC,840,9,clonotype186,clonotype186_consensus_1
TGTGTTTAGACAAAGG-1,True,TGTGTTTAGACAAAGG-1_contig_2,True,652,IGH,IGHV4-39,None,IGHJ5,IGHG1,True,True,CARSGPSLDLRGYNWFDPW,TGTGCGAGGTCGGGTCCTTCGTTGGATTTACGTGGATATAATTGGTTCGACCCCTGG,79,5,clonotype186,clonotype186_consensus_2
TGTGTTTAGACAAAGG-1,True,TGTGTTTAGACAAAGG-1_contig_3,True,569,IGK,IGKV1-16,None,IGKJ5,IGKC,True,False,None,None,683,9,clonotype186,None
TTAACTCGTACTTCTT-1,True,TTAACTCGTACTTCTT-1_contig_1,True,655,IGL,IGLV1-47,None,IGLJ2,IGLC2,True,True,CAAWDDSLSGPVF,TGTGCAGCATGGGATGACAGCCTGAGTGGTCCGGTATTC,633,12,clonotype187,clonotype187_consensus_1
TTAGGCAGTCAAAGCG-1,True,TTAGGCAGTCAAAGCG-1_contig_1,True,551,IGK,IGKV1-16,None,IGKJ4,IGKC,True,True,CQQSDTYPLTF,TGCCAGCAGTCTGATACTTACCCTCTCACTTTC,384,3,clonotype188,clonotype188_consensus_1
TTCTCAAAGTCCCACG-1,True,TTCTCAAAGTCCCACG-1_contig_1,True,557,IGK,IGKV3-20,None,IGKJ2,IGKC,True,True,CQQSGSSPNTF,TGTCAGCAGTCTGGTAGCTCACCGAACACTTTT,821,7,clonotype16,clonotype16_consensus_1
TTCTCAAAGTCCCACG-1,True,TTCTCAAAGTCCCACG-1_contig_2,True,626,IGH,IGHV4-59,None,IGHJ3,IGHA1,True,True,CATGGGWTAVAAIRGAFDIW,TGTGCGACCGGAGGCGGATGGACAGCTGTGGCTGCTATACGGGGTGCTTTTGATATCTGG,576,5,clonotype16,clonotype16_consensus_2
TTCTCCTTCTGAAAGA-1,True,TTCTCCTTCTGAAAGA-1_contig_1,True,548,IGK,IGKV4-1,None,IGKJ1,IGKC,True,True,CQQYYSSPWTF,TGTCAGCAATATTATAGTTCTCCGTGGACGTTC,416,7,clonotype14,clonotype14_consensus_2
TTCTCCTTCTGAAAGA-1,True,TTCTCCTTCTGAAAGA-1_contig_2,True,474,IGH,IGHV4-4,None,IGHJ4,IGHA2,True,True,CVVRAYGMEGAHW,TGTGTGGTACGTGCATACGGTATGGAAGGGGCCCACTGG,33,1,clonotype14,clonotype14_consensus_1
TTCTTAGGTCTTCTCG-1,True,TTCTTAGGTCTTCTCG-1_contig_1,True,566,IGK,IGKV4-1,None,IGKJ4,IGKC,True,True,CQQYYSTPLTF,TGTCAGCAATATTATAGTACTCCTCTCACTTTC,476,7,clonotype1,clonotype1_consensus_1
TTCTTAGGTCTTCTCG-1,True,TTCTTAGGTCTTCTCG-1_contig_2,True,679,IGH,IGHV1-2,IGHD5-18,IGHJ4,IGHG1,True,True,CARVPVTGEYSYGYAEIDYW,TGTGCGAGAGTTCCAGTGACCGGTGAATACAGCTATGGTTACGCCGAAATTGACTACTGG,118,3,clonotype1,clonotype1_consensus_2
TTCTTAGTCTATCGCC-1,True,TTCTTAGTCTATCGCC-1_contig_1,True,510,IGH,IGHV3-23,None,IGHJ4,IGHM,True,True,CAKDIRPDQW,TGTGCGAAAGATATCCGACCGGACCAGTGG,184,3,clonotype189,clonotype189_consensus_1
TTCTTAGTCTATCGCC-1,True,TTCTTAGTCTATCGCC-1_contig_2,True,609,IGL,IGLV8-61,None,IGLJ3,IGLC2,True,False,CVLYMGSGIWVF,TGTGTGCTGTATATGGGTAGTGGCATTTGGGTGTTC,217,3,clonotype189,None
TTGCCGTTCGGTTCGG-1,True,TTGCCGTTCGGTTCGG-1_contig_1,True,625,IGL,IGLV3-1,None,IGLJ3,IGLC2,True,True,CQAWDSDVNWVF,TGTCAGGCGTGGGACAGTGACGTTAATTGGGTGTTC,202,3,clonotype190,clonotype190_consensus_1
TTGGAACCAGGGTTAG-1,True,TTGGAACCAGGGTTAG-1_contig_1,True,617,IGH,IGHV3-23,None,IGHJ4,IGHA1,True,True,CAKLPKWLFFDYW,TGTGCGAAACTCCCTAAGTGGTTATTCTTTGACTACTGG,295,3,clonotype191,clonotype191_consensus_2
TTGGAACCAGGGTTAG-1,True,TTGGAACCAGGGTTAG-1_contig_2,True,637,IGL,IGLV2-11,None,IGLJ1,IGLC1,True,True,CCSYAGDYTYVF,TGCTGCTCATATGCAGGCGACTATACATATGTCTTC,503,7,clonotype191,clonotype191_consensus_1
TTGGCAACATAGTAAG-1,True,TTGGCAACATAGTAAG-1_contig_1,True,633,IGL,IGLV3-21,None,IGLJ1,IGLC1,True,True,CQVWDSSSDHYVF,TGTCAGGTGTGGGATAGTAGTAGTGATCATTATGTCTTC,555,6,clonotype10,clonotype10_consensus_1
TTTCCTCAGATATGCA-1,True,TTTCCTCAGATATGCA-1_contig_1,True,642,IGL,IGLV5-45,None,IGLJ3,IGLC2,True,True,CMIWHSSAWVF,TGTATGATTTGGCACAGCAGCGCTTGGGTGTTC,4283,54,clonotype192,clonotype192_consensus_1
TTTCCTCAGATATGCA-1,True,TTTCCTCAGATATGCA-1_contig_2,True,525,IGH,IGHV4-39,None,IGHJ4,IGHM,True,True,CANRTPSRGFDYW,TGTGCGAACCGTACCCCTTCGCGTGGCTTTGACTACTGG,991,19,clonotype192,clonotype192_consensus_2
TTTCCTCAGGGTTTCT-1,True,TTTCCTCAGGGTTTCT-1_contig_1,True,624,IGL,IGLV3-1,None,IGLJ2,IGLC2,True,True,CQAWDSSFVVF,TGTCAGGCGTGGGACAGTAGTTTTGTGGTGTTC,1353,22,clonotype20,clonotype20_consensus_1
TTTCCTCAGGGTTTCT-1,True,TTTCCTCAGGGTTTCT-1_contig_2,True,681,IGH,IGHV1-69D,None,IGHJ6,IGHA1,True,False,None,None,496,7,clonotype20,None
TTTGTCAAGATGCGAC-1,True,TTTGTCAAGATGCGAC-1_contig_1,True,563,IGK,IGKV2D-29,None,IGKJ5,IGKC,True,True,CMQSMQLPITF,TGTATGCAAAGTATGCAACTTCCGATCACCTTC,68824,15571,clonotype193,clonotype193_consensus_1
TTTGTCAAGATGCGAC-1,True,TTTGTCAAGATGCGAC-1_contig_2,True,665,IGH,IGHV3-49,None,IGHJ4,IGHG1,True,True,CTRAQVRW,TGTACAAGAGCCCAGGTCCGTTGG,5986,978,clonotype193,clonotype193_consensus_2
TTTGTCAAGATGCGAC-1,True,TTTGTCAAGATGCGAC-1_contig_3,True,564,IGH,IGHV1-58,None,IGHJ6,IGHA1,True,False,CAGPNIDSRRPVAHDTYYYYYYRMDVW,TGTGCGGGCCCAAATATAGATTCTCGTCGTCCAGTGGCCCACGATACATATTATTACTACTACTACCGTATGGACGTCTGG,2,1,clonotype193,None
TTTGTCAAGATGCGAC-1,True,TTTGTCAAGATGCGAC-1_contig_4,True,420,IGL,IGLV3-21,None,IGLJ3,None,True,False,CQVWDSSSDHPVF,TGTCAGGTGTGGGATAGTAGTAGTGATCATCCGGTGTTC,2,1,clonotype193,None
